Workbook

Sheet How to Use
B1: The Ambiguity Inventory
B2: From AI Will Scale Good Leadership and Bad Leadership: The CHRO’s Method for Redesigning Work Before AI Scales What’s Broken, by Liz Corey | Toolbox No. 13 | OnTheGrow Leadership
B3: © 2026 Elizabeth A. Corey. All rights reserved. GROWTH Execution Model™. onthegrow.ai
B4: PRIVATE. Use it. Don’t publish it. This list names who benefits from the fog. It is a working document for the CHRO, not a deliverable.
B6: Ambiguity has beneficiaries. When the rules are unclear, discretion decides, and the people who hold the discretion rarely volunteer to give it up. List the policies, standards, and decisions your AI effort will force into single versions. For each, name who currently benefits from the fog, and whether the fog is protecting power or protecting a customer. That list is your real stakeholder map, and it predicts your resistance better than any survey.
B8: HOW THIS WORKBOOK IS SET UP
B9: Inventory | C9: One row per policy, standard, or decision that AI will force into a single version. Name the beneficiary and what the fog protects. The workbook flags the rows where your own function is the beneficiary.
B10: Summary | C10: Counts by what the fog protects, the conversations to have privately, the wins to sequence first, and the stalls you should stop diagnosing as technology problems.
B11: Example rows | C11: Eight items drawn from the book's own cases are filled in, with one where HR is the beneficiary. Replace them with your own.
B12: Yellow cells | C12: Type in the yellow cells only. Every other cell is a formula.
B14: HOW TO RUN IT
B15: 1. List what AI will disambiguate | C15: Every policy with more than one version, every rule nobody can explain, every decision made by discretion. Start with the items from your Knowledge Readiness Test and Decision Rights Matrix that scored worst.
B16: 2. Name who benefits from the fog | C16: A person or a role. If the honest answer is nobody by intent, say so. Inherited fog is real, and it is the easiest kind to clear.
B17: 3. Decide what the fog protects | C17: Power: discretion someone would rather keep. A customer: a legitimate local requirement the single version must accommodate. Not everyone defending a gray area is protecting power. This column tells you which.
B18: 4. Use it, don't publish it | C18: It tells you which conversations to have privately, which wins to sequence first, and which stalls to stop diagnosing as technology problems.
B19: 5. Handle your own function first | C19: When you find HR on the list, and you might, that row goes first. Leaders who defend ambiguity and HR professionals who won't challenge them are the same disease in two org charts.
B21: THE CHRO’S MOVE
B22: One month | C22: Build the list for your current AI initiatives and put names beside the fog. Then get your CEO to deliver the three-part message (see the No-Surprises Protocol) before any more rollouts.
B24: © 2026 Elizabeth A. Corey. All rights reserved. GROWTH Execution Model™. onthegrow.ai

Sheet Inventory
A1: The Ambiguity Inventory
A2: HOW TO USE THIS TAB: One row per item. Type in the yellow cells. Pick Power or A customer in the fog column. Teal columns calculate. The rows are an example; replace them.
A3: © 2026 Elizabeth A. Corey. All rights reserved. GROWTH Execution Model™. onthegrow.ai
A4: PRIVATE. Use it. Don’t publish it. It names who benefits from the fog. Keep it with the CHRO.
A5: ID | B5: Policy, standard, or decision AI will force into one version | C5: The fog today (how many versions, where) | D5: Who benefits from the fog | E5: What the fog protects | F5: The single version would be | G5: Likely to stall what | H5: The private conversation, and with whom | I5: The win to sequence first | J5: Status | K5: Your own function? | L5: Priority | M5: Next action
A6: A01 | B6: Short-term disability policy | C6: Three versions: handbook, intranet, and a forwarded PDF | D6: Division HR leads who apply whichever version suits the case | E6: A customer | F6: One policy, one owner, effective date on it | G6: Grounding the benefits agent | H6: Division HR leads: which version is right, and who owns it from here | I6: The agent answers from one policy on day one | J6: Open | K6: =IF(B6="","",IF(OR(ISNUMBER(SEARCH("HR itself",D6)),ISNUMBER(SEARCH("our function",D6)),ISNUMBER(SEARCH("HR's own",B6))),"Yes","No")) | L6: =IF(OR(B6="",J6="Resolved"),"",IF(K6="Yes","First",IF(E6="Power","High","Design"))) | M6: =IF(B6="","",IF(J6="Resolved","Resolved. Share the win within the week.",IF(K6="Yes","Your own function is on the list. Handle this one first, and say so.",IF(D6="","Name who benefits. If nobody by intent, write that.",IF(E6="","Decide what the fog protects: power, or a customer.",IF(E6="A customer","Design the single version to accommodate the real requirement. Involve the person defending it.",IF(H6="","Name the private conversation and who it is with.","Have the private conversation before the single version is announced.")))))))
A7: A02 | B7: Sunday premium pay rule | C7: Configured years ago; nobody can say who wrote it | D7: The division where it quietly pays more | E7: Power | F7: One rule, defined, validated, owned | G7: Payroll agent; decision rights register | H7: Division operations manager, before the register is shared | J7: Open | K7: =IF(B7="","",IF(OR(ISNUMBER(SEARCH("HR itself",D7)),ISNUMBER(SEARCH("our function",D7)),ISNUMBER(SEARCH("HR's own",B7))),"Yes","No")) | L7: =IF(OR(B7="",J7="Resolved"),"",IF(K7="Yes","First",IF(E7="Power","High","Design"))) | M7: =IF(B7="","",IF(J7="Resolved","Resolved. Share the win within the week.",IF(K7="Yes","Your own function is on the list. Handle this one first, and say so.",IF(D7="","Name who benefits. If nobody by intent, write that.",IF(E7="","Decide what the fog protects: power, or a customer.",IF(E7="A customer","Design the single version to accommodate the real requirement. Involve the person defending it.",IF(H7="","Name the private conversation and who it is with.","Have the private conversation before the single version is announced.")))))))
A8: A03 | B8: Who approves tuition reimbursement | C8: Two approvers, then payroll; nobody can say why two | D8: The second approver, whose sign-off is their only visibility into the program | E8: Power | F8: One approval, by the one person whose judgment matters | G8: Tuition reimbursement redesign | H8: The second approver: a different role in the redesigned flow | I8: First redesigned process to pass both tests | J8: In conversation | K8: =IF(B8="","",IF(OR(ISNUMBER(SEARCH("HR itself",D8)),ISNUMBER(SEARCH("our function",D8)),ISNUMBER(SEARCH("HR's own",B8))),"Yes","No")) | L8: =IF(OR(B8="",J8="Resolved"),"",IF(K8="Yes","First",IF(E8="Power","High","Design"))) | M8: =IF(B8="","",IF(J8="Resolved","Resolved. Share the win within the week.",IF(K8="Yes","Your own function is on the list. Handle this one first, and say so.",IF(D8="","Name who benefits. If nobody by intent, write that.",IF(E8="","Decide what the fog protects: power, or a customer.",IF(E8="A customer","Design the single version to accommodate the real requirement. Involve the person defending it.",IF(H8="","Name the private conversation and who it is with.","Have the private conversation before the single version is announced.")))))))
A9: A04 | B9: Remote work policy | C9: Lives in manager emails and a draft that never shipped | D9: Managers who grant exceptions case by case | E9: Power | F9: One written policy with named exceptions | G9: Grounding any HR assistant; the Listening Set role clarity item | H9: Each manager granting exceptions, one at a time | J9: Open | K9: =IF(B9="","",IF(OR(ISNUMBER(SEARCH("HR itself",D9)),ISNUMBER(SEARCH("our function",D9)),ISNUMBER(SEARCH("HR's own",B9))),"Yes","No")) | L9: =IF(OR(B9="",J9="Resolved"),"",IF(K9="Yes","First",IF(E9="Power","High","Design"))) | M9: =IF(B9="","",IF(J9="Resolved","Resolved. Share the win within the week.",IF(K9="Yes","Your own function is on the list. Handle this one first, and say so.",IF(D9="","Name who benefits. If nobody by intent, write that.",IF(E9="","Decide what the fog protects: power, or a customer.",IF(E9="A customer","Design the single version to accommodate the real requirement. Involve the person defending it.",IF(H9="","Name the private conversation and who it is with.","Have the private conversation before the single version is announced.")))))))
A10: A05 | B10: Applicant screening criteria | C10: Recruiters and hiring managers each apply their own | D10: Hiring managers who prefer their own filters | E10: A customer | F10: A written performance profile per role | G10: Ranking agent in recruiting | H10: Hiring managers: the profile is theirs to write, the ranking is the agent's to do | I10: Shortlisting moves from Human to Assist | J10: In conversation | K10: =IF(B10="","",IF(OR(ISNUMBER(SEARCH("HR itself",D10)),ISNUMBER(SEARCH("our function",D10)),ISNUMBER(SEARCH("HR's own",B10))),"Yes","No")) | L10: =IF(OR(B10="",J10="Resolved"),"",IF(K10="Yes","First",IF(E10="Power","High","Design"))) | M10: =IF(B10="","",IF(J10="Resolved","Resolved. Share the win within the week.",IF(K10="Yes","Your own function is on the list. Handle this one first, and say so.",IF(D10="","Name who benefits. If nobody by intent, write that.",IF(E10="","Decide what the fog protects: power, or a customer.",IF(E10="A customer","Design the single version to accommodate the real requirement. Involve the person defending it.",IF(H10="","Name the private conversation and who it is with.","Have the private conversation before the single version is announced.")))))))
A11: A06 | B11: Overtime calculation | C11: Payroll configuration and the handbook disagree | D11: Nobody by intent; the fog is inherited | E11: A customer | F11: One rule that matches the law and the handbook | G11: Payroll agent | H11: Payroll manager and employment counsel | J11: Resolved | K11: =IF(B11="","",IF(OR(ISNUMBER(SEARCH("HR itself",D11)),ISNUMBER(SEARCH("our function",D11)),ISNUMBER(SEARCH("HR's own",B11))),"Yes","No")) | L11: =IF(OR(B11="",J11="Resolved"),"",IF(K11="Yes","First",IF(E11="Power","High","Design"))) | M11: =IF(B11="","",IF(J11="Resolved","Resolved. Share the win within the week.",IF(K11="Yes","Your own function is on the list. Handle this one first, and say so.",IF(D11="","Name who benefits. If nobody by intent, write that.",IF(E11="","Decide what the fog protects: power, or a customer.",IF(E11="A customer","Design the single version to accommodate the real requirement. Involve the person defending it.",IF(H11="","Name the private conversation and who it is with.","Have the private conversation before the single version is announced.")))))))
A12: A07 | B12: Performance review standard | C12: A slide deck from last year's kickoff | D12: Managers who rate on feel | E12: Power | F12: A written standard of what good output looks like | G12: Manager Readiness Review; any AI-drafted review | H12: Each manager, at the readiness review | J12: Open | K12: =IF(B12="","",IF(OR(ISNUMBER(SEARCH("HR itself",D12)),ISNUMBER(SEARCH("our function",D12)),ISNUMBER(SEARCH("HR's own",B12))),"Yes","No")) | L12: =IF(OR(B12="",J12="Resolved"),"",IF(K12="Yes","First",IF(E12="Power","High","Design"))) | M12: =IF(B12="","",IF(J12="Resolved","Resolved. Share the win within the week.",IF(K12="Yes","Your own function is on the list. Handle this one first, and say so.",IF(D12="","Name who benefits. If nobody by intent, write that.",IF(E12="","Decide what the fog protects: power, or a customer.",IF(E12="A customer","Design the single version to accommodate the real requirement. Involve the person defending it.",IF(H12="","Name the private conversation and who it is with.","Have the private conversation before the single version is announced.")))))))
A13: A08 | B13: HR's own case handling process | C13: Three HR generalists, three ways of closing a case | D13: HR itself: nobody has had to defend a single way | E13: Power | F13: One case process with a definition of done | G13: Every HR agent; HR's credibility to run the rest of this list | H13: Inside HR, first, before anyone else on this list | I13: HR fixes its own fog first and says so | J13: In conversation | K13: =IF(B13="","",IF(OR(ISNUMBER(SEARCH("HR itself",D13)),ISNUMBER(SEARCH("our function",D13)),ISNUMBER(SEARCH("HR's own",B13))),"Yes","No")) | L13: =IF(OR(B13="",J13="Resolved"),"",IF(K13="Yes","First",IF(E13="Power","High","Design"))) | M13: =IF(B13="","",IF(J13="Resolved","Resolved. Share the win within the week.",IF(K13="Yes","Your own function is on the list. Handle this one first, and say so.",IF(D13="","Name who benefits. If nobody by intent, write that.",IF(E13="","Decide what the fog protects: power, or a customer.",IF(E13="A customer","Design the single version to accommodate the real requirement. Involve the person defending it.",IF(H13="","Name the private conversation and who it is with.","Have the private conversation before the single version is announced.")))))))
A14: A09 | K14: =IF(B14="","",IF(OR(ISNUMBER(SEARCH("HR itself",D14)),ISNUMBER(SEARCH("our function",D14)),ISNUMBER(SEARCH("HR's own",B14))),"Yes","No")) | L14: =IF(OR(B14="",J14="Resolved"),"",IF(K14="Yes","First",IF(E14="Power","High","Design"))) | M14: =IF(B14="","",IF(J14="Resolved","Resolved. Share the win within the week.",IF(K14="Yes","Your own function is on the list. Handle this one first, and say so.",IF(D14="","Name who benefits. If nobody by intent, write that.",IF(E14="","Decide what the fog protects: power, or a customer.",IF(E14="A customer","Design the single version to accommodate the real requirement. Involve the person defending it.",IF(H14="","Name the private conversation and who it is with.","Have the private conversation before the single version is announced.")))))))
A15: A10 | K15: =IF(B15="","",IF(OR(ISNUMBER(SEARCH("HR itself",D15)),ISNUMBER(SEARCH("our function",D15)),ISNUMBER(SEARCH("HR's own",B15))),"Yes","No")) | L15: =IF(OR(B15="",J15="Resolved"),"",IF(K15="Yes","First",IF(E15="Power","High","Design"))) | M15: =IF(B15="","",IF(J15="Resolved","Resolved. Share the win within the week.",IF(K15="Yes","Your own function is on the list. Handle this one first, and say so.",IF(D15="","Name who benefits. If nobody by intent, write that.",IF(E15="","Decide what the fog protects: power, or a customer.",IF(E15="A customer","Design the single version to accommodate the real requirement. Involve the person defending it.",IF(H15="","Name the private conversation and who it is with.","Have the private conversation before the single version is announced.")))))))
A16: A11 | K16: =IF(B16="","",IF(OR(ISNUMBER(SEARCH("HR itself",D16)),ISNUMBER(SEARCH("our function",D16)),ISNUMBER(SEARCH("HR's own",B16))),"Yes","No")) | L16: =IF(OR(B16="",J16="Resolved"),"",IF(K16="Yes","First",IF(E16="Power","High","Design"))) | M16: =IF(B16="","",IF(J16="Resolved","Resolved. Share the win within the week.",IF(K16="Yes","Your own function is on the list. Handle this one first, and say so.",IF(D16="","Name who benefits. If nobody by intent, write that.",IF(E16="","Decide what the fog protects: power, or a customer.",IF(E16="A customer","Design the single version to accommodate the real requirement. Involve the person defending it.",IF(H16="","Name the private conversation and who it is with.","Have the private conversation before the single version is announced.")))))))
A17: A12 | K17: =IF(B17="","",IF(OR(ISNUMBER(SEARCH("HR itself",D17)),ISNUMBER(SEARCH("our function",D17)),ISNUMBER(SEARCH("HR's own",B17))),"Yes","No")) | L17: =IF(OR(B17="",J17="Resolved"),"",IF(K17="Yes","First",IF(E17="Power","High","Design"))) | M17: =IF(B17="","",IF(J17="Resolved","Resolved. Share the win within the week.",IF(K17="Yes","Your own function is on the list. Handle this one first, and say so.",IF(D17="","Name who benefits. If nobody by intent, write that.",IF(E17="","Decide what the fog protects: power, or a customer.",IF(E17="A customer","Design the single version to accommodate the real requirement. Involve the person defending it.",IF(H17="","Name the private conversation and who it is with.","Have the private conversation before the single version is announced.")))))))
A18: A13 | K18: =IF(B18="","",IF(OR(ISNUMBER(SEARCH("HR itself",D18)),ISNUMBER(SEARCH("our function",D18)),ISNUMBER(SEARCH("HR's own",B18))),"Yes","No")) | L18: =IF(OR(B18="",J18="Resolved"),"",IF(K18="Yes","First",IF(E18="Power","High","Design"))) | M18: =IF(B18="","",IF(J18="Resolved","Resolved. Share the win within the week.",IF(K18="Yes","Your own function is on the list. Handle this one first, and say so.",IF(D18="","Name who benefits. If nobody by intent, write that.",IF(E18="","Decide what the fog protects: power, or a customer.",IF(E18="A customer","Design the single version to accommodate the real requirement. Involve the person defending it.",IF(H18="","Name the private conversation and who it is with.","Have the private conversation before the single version is announced.")))))))
A19: A14 | K19: =IF(B19="","",IF(OR(ISNUMBER(SEARCH("HR itself",D19)),ISNUMBER(SEARCH("our function",D19)),ISNUMBER(SEARCH("HR's own",B19))),"Yes","No")) | L19: =IF(OR(B19="",J19="Resolved"),"",IF(K19="Yes","First",IF(E19="Power","High","Design"))) | M19: =IF(B19="","",IF(J19="Resolved","Resolved. Share the win within the week.",IF(K19="Yes","Your own function is on the list. Handle this one first, and say so.",IF(D19="","Name who benefits. If nobody by intent, write that.",IF(E19="","Decide what the fog protects: power, or a customer.",IF(E19="A customer","Design the single version to accommodate the real requirement. Involve the person defending it.",IF(H19="","Name the private conversation and who it is with.","Have the private conversation before the single version is announced.")))))))
A20: A15 | K20: =IF(B20="","",IF(OR(ISNUMBER(SEARCH("HR itself",D20)),ISNUMBER(SEARCH("our function",D20)),ISNUMBER(SEARCH("HR's own",B20))),"Yes","No")) | L20: =IF(OR(B20="",J20="Resolved"),"",IF(K20="Yes","First",IF(E20="Power","High","Design"))) | M20: =IF(B20="","",IF(J20="Resolved","Resolved. Share the win within the week.",IF(K20="Yes","Your own function is on the list. Handle this one first, and say so.",IF(D20="","Name who benefits. If nobody by intent, write that.",IF(E20="","Decide what the fog protects: power, or a customer.",IF(E20="A customer","Design the single version to accommodate the real requirement. Involve the person defending it.",IF(H20="","Name the private conversation and who it is with.","Have the private conversation before the single version is announced.")))))))
A21: A16 | K21: =IF(B21="","",IF(OR(ISNUMBER(SEARCH("HR itself",D21)),ISNUMBER(SEARCH("our function",D21)),ISNUMBER(SEARCH("HR's own",B21))),"Yes","No")) | L21: =IF(OR(B21="",J21="Resolved"),"",IF(K21="Yes","First",IF(E21="Power","High","Design"))) | M21: =IF(B21="","",IF(J21="Resolved","Resolved. Share the win within the week.",IF(K21="Yes","Your own function is on the list. Handle this one first, and say so.",IF(D21="","Name who benefits. If nobody by intent, write that.",IF(E21="","Decide what the fog protects: power, or a customer.",IF(E21="A customer","Design the single version to accommodate the real requirement. Involve the person defending it.",IF(H21="","Name the private conversation and who it is with.","Have the private conversation before the single version is announced.")))))))
A22: A17 | K22: =IF(B22="","",IF(OR(ISNUMBER(SEARCH("HR itself",D22)),ISNUMBER(SEARCH("our function",D22)),ISNUMBER(SEARCH("HR's own",B22))),"Yes","No")) | L22: =IF(OR(B22="",J22="Resolved"),"",IF(K22="Yes","First",IF(E22="Power","High","Design"))) | M22: =IF(B22="","",IF(J22="Resolved","Resolved. Share the win within the week.",IF(K22="Yes","Your own function is on the list. Handle this one first, and say so.",IF(D22="","Name who benefits. If nobody by intent, write that.",IF(E22="","Decide what the fog protects: power, or a customer.",IF(E22="A customer","Design the single version to accommodate the real requirement. Involve the person defending it.",IF(H22="","Name the private conversation and who it is with.","Have the private conversation before the single version is announced.")))))))
A23: A18 | K23: =IF(B23="","",IF(OR(ISNUMBER(SEARCH("HR itself",D23)),ISNUMBER(SEARCH("our function",D23)),ISNUMBER(SEARCH("HR's own",B23))),"Yes","No")) | L23: =IF(OR(B23="",J23="Resolved"),"",IF(K23="Yes","First",IF(E23="Power","High","Design"))) | M23: =IF(B23="","",IF(J23="Resolved","Resolved. Share the win within the week.",IF(K23="Yes","Your own function is on the list. Handle this one first, and say so.",IF(D23="","Name who benefits. If nobody by intent, write that.",IF(E23="","Decide what the fog protects: power, or a customer.",IF(E23="A customer","Design the single version to accommodate the real requirement. Involve the person defending it.",IF(H23="","Name the private conversation and who it is with.","Have the private conversation before the single version is announced.")))))))
A24: A19 | K24: =IF(B24="","",IF(OR(ISNUMBER(SEARCH("HR itself",D24)),ISNUMBER(SEARCH("our function",D24)),ISNUMBER(SEARCH("HR's own",B24))),"Yes","No")) | L24: =IF(OR(B24="",J24="Resolved"),"",IF(K24="Yes","First",IF(E24="Power","High","Design"))) | M24: =IF(B24="","",IF(J24="Resolved","Resolved. Share the win within the week.",IF(K24="Yes","Your own function is on the list. Handle this one first, and say so.",IF(D24="","Name who benefits. If nobody by intent, write that.",IF(E24="","Decide what the fog protects: power, or a customer.",IF(E24="A customer","Design the single version to accommodate the real requirement. Involve the person defending it.",IF(H24="","Name the private conversation and who it is with.","Have the private conversation before the single version is announced.")))))))
A25: A20 | K25: =IF(B25="","",IF(OR(ISNUMBER(SEARCH("HR itself",D25)),ISNUMBER(SEARCH("our function",D25)),ISNUMBER(SEARCH("HR's own",B25))),"Yes","No")) | L25: =IF(OR(B25="",J25="Resolved"),"",IF(K25="Yes","First",IF(E25="Power","High","Design"))) | M25: =IF(B25="","",IF(J25="Resolved","Resolved. Share the win within the week.",IF(K25="Yes","Your own function is on the list. Handle this one first, and say so.",IF(D25="","Name who benefits. If nobody by intent, write that.",IF(E25="","Decide what the fog protects: power, or a customer.",IF(E25="A customer","Design the single version to accommodate the real requirement. Involve the person defending it.",IF(H25="","Name the private conversation and who it is with.","Have the private conversation before the single version is announced.")))))))
... A45: A40 | K45: =IF(B45="","",IF(OR(ISNUMBER(SEARCH("HR itself",D45)),ISNUMBER(SEARCH("our function",D45)),ISNUMBER(SEARCH("HR's own",B45))),"Yes","No")) | L45: =IF(OR(B45="",J45="Resolved"),"",IF(K45="Yes","First",IF(E45="Power","High","Design"))) | M45: =IF(B45="","",IF(J45="Resolved","Resolved. Share the win within the week.",IF(K45="Yes","Your own function is on the list. Handle this one first, and say so.",IF(D45="","Name who benefits. If nobody by intent, write that.",IF(E45="","Decide what the fog protects: power, or a customer.",IF(E45="A customer","Design the single version to accommodate the real requirement. Involve the person defending it.",IF(H45="","Name the private conversation and who it is with.","Have the private conversation before the single version is announced.")))))))

Sheet Summary
B1: Summary: Where the Resistance Will Come From
B2: HOW TO USE THIS TAB: Nothing to type. Everything calculates from the Inventory. This page is for the CHRO, not for a deck.
B3: © 2026 Elizabeth A. Corey. All rights reserved. GROWTH Execution Model™. onthegrow.ai
B4: PRIVATE. Use it. Don’t publish it.
B6: THE MAP | C6: Items
B7: Items AI will force into a single version | C7: =COUNTIF(Inventory!$B$6:$B$45,"?*")
B8: Fog protecting power | C8: =COUNTIF(Inventory!$E$6:$E$45,"Power")
B9: Fog protecting a customer (design the single version around it) | C9: =COUNTIF(Inventory!$E$6:$E$45,"A customer")
B10: Not yet classified | C10: =COUNTIFS(Inventory!$B$6:$B$45,"?*",Inventory!$E$6:$E$45,"")
B11: Your own function on the list | C11: =COUNTIF(Inventory!$K$6:$K$45,"Yes")
B12: Resolved | C12: =COUNTIF(Inventory!$J$6:$J$45,"Resolved")
B14: HANDLE FIRST: YOUR OWN FUNCTION | C14: The conversation | D14: The win
B15: {=IFERROR(INDEX(Inventory!$B$6:$B$45,SMALL(IF((Inventory!$K$6:$K$45="Yes")*(Inventory!$J$6:$J$45<>"Resolved")*(Inventory!$B$6:$B$45<>""),ROW(Inventory!$B$6:$B$45)-ROW(Inventory!$B$6)+1),1))&"","")} | C15: {=IFERROR(INDEX(Inventory!$H$6:$H$45,SMALL(IF((Inventory!$K$6:$K$45="Yes")*(Inventory!$J$6:$J$45<>"Resolved")*(Inventory!$B$6:$B$45<>""),ROW(Inventory!$B$6:$B$45)-ROW(Inventory!$B$6)+1),1))&"","")} | D15: {=IFERROR(INDEX(Inventory!$I$6:$I$45,SMALL(IF((Inventory!$K$6:$K$45="Yes")*(Inventory!$J$6:$J$45<>"Resolved")*(Inventory!$B$6:$B$45<>""),ROW(Inventory!$B$6:$B$45)-ROW(Inventory!$B$6)+1),1))&"","")}
B16: {=IFERROR(INDEX(Inventory!$B$6:$B$45,SMALL(IF((Inventory!$K$6:$K$45="Yes")*(Inventory!$J$6:$J$45<>"Resolved")*(Inventory!$B$6:$B$45<>""),ROW(Inventory!$B$6:$B$45)-ROW(Inventory!$B$6)+1),2))&"","")} | C16: {=IFERROR(INDEX(Inventory!$H$6:$H$45,SMALL(IF((Inventory!$K$6:$K$45="Yes")*(Inventory!$J$6:$J$45<>"Resolved")*(Inventory!$B$6:$B$45<>""),ROW(Inventory!$B$6:$B$45)-ROW(Inventory!$B$6)+1),2))&"","")} | D16: {=IFERROR(INDEX(Inventory!$I$6:$I$45,SMALL(IF((Inventory!$K$6:$K$45="Yes")*(Inventory!$J$6:$J$45<>"Resolved")*(Inventory!$B$6:$B$45<>""),ROW(Inventory!$B$6:$B$45)-ROW(Inventory!$B$6)+1),2))&"","")}
B17: {=IFERROR(INDEX(Inventory!$B$6:$B$45,SMALL(IF((Inventory!$K$6:$K$45="Yes")*(Inventory!$J$6:$J$45<>"Resolved")*(Inventory!$B$6:$B$45<>""),ROW(Inventory!$B$6:$B$45)-ROW(Inventory!$B$6)+1),3))&"","")} | C17: {=IFERROR(INDEX(Inventory!$H$6:$H$45,SMALL(IF((Inventory!$K$6:$K$45="Yes")*(Inventory!$J$6:$J$45<>"Resolved")*(Inventory!$B$6:$B$45<>""),ROW(Inventory!$B$6:$B$45)-ROW(Inventory!$B$6)+1),3))&"","")} | D17: {=IFERROR(INDEX(Inventory!$I$6:$I$45,SMALL(IF((Inventory!$K$6:$K$45="Yes")*(Inventory!$J$6:$J$45<>"Resolved")*(Inventory!$B$6:$B$45<>""),ROW(Inventory!$B$6:$B$45)-ROW(Inventory!$B$6)+1),3))&"","")}
B19: CONVERSATIONS TO HAVE PRIVATELY (fog protecting power) | C19: Who benefits | D19: The conversation, and with whom
B20: {=IFERROR(INDEX(Inventory!$B$6:$B$45,SMALL(IF((Inventory!$E$6:$E$45="Power")*(Inventory!$J$6:$J$45<>"Resolved")*(Inventory!$B$6:$B$45<>""),ROW(Inventory!$B$6:$B$45)-ROW(Inventory!$B$6)+1),1))&"","")} | C20: {=IFERROR(INDEX(Inventory!$D$6:$D$45,SMALL(IF((Inventory!$E$6:$E$45="Power")*(Inventory!$J$6:$J$45<>"Resolved")*(Inventory!$B$6:$B$45<>""),ROW(Inventory!$B$6:$B$45)-ROW(Inventory!$B$6)+1),1))&"","")} | D20: {=IFERROR(INDEX(Inventory!$H$6:$H$45,SMALL(IF((Inventory!$E$6:$E$45="Power")*(Inventory!$J$6:$J$45<>"Resolved")*(Inventory!$B$6:$B$45<>""),ROW(Inventory!$B$6:$B$45)-ROW(Inventory!$B$6)+1),1))&"","")}
B21: {=IFERROR(INDEX(Inventory!$B$6:$B$45,SMALL(IF((Inventory!$E$6:$E$45="Power")*(Inventory!$J$6:$J$45<>"Resolved")*(Inventory!$B$6:$B$45<>""),ROW(Inventory!$B$6:$B$45)-ROW(Inventory!$B$6)+1),2))&"","")} | C21: {=IFERROR(INDEX(Inventory!$D$6:$D$45,SMALL(IF((Inventory!$E$6:$E$45="Power")*(Inventory!$J$6:$J$45<>"Resolved")*(Inventory!$B$6:$B$45<>""),ROW(Inventory!$B$6:$B$45)-ROW(Inventory!$B$6)+1),2))&"","")} | D21: {=IFERROR(INDEX(Inventory!$H$6:$H$45,SMALL(IF((Inventory!$E$6:$E$45="Power")*(Inventory!$J$6:$J$45<>"Resolved")*(Inventory!$B$6:$B$45<>""),ROW(Inventory!$B$6:$B$45)-ROW(Inventory!$B$6)+1),2))&"","")}
B22: {=IFERROR(INDEX(Inventory!$B$6:$B$45,SMALL(IF((Inventory!$E$6:$E$45="Power")*(Inventory!$J$6:$J$45<>"Resolved")*(Inventory!$B$6:$B$45<>""),ROW(Inventory!$B$6:$B$45)-ROW(Inventory!$B$6)+1),3))&"","")} | C22: {=IFERROR(INDEX(Inventory!$D$6:$D$45,SMALL(IF((Inventory!$E$6:$E$45="Power")*(Inventory!$J$6:$J$45<>"Resolved")*(Inventory!$B$6:$B$45<>""),ROW(Inventory!$B$6:$B$45)-ROW(Inventory!$B$6)+1),3))&"","")} | D22: {=IFERROR(INDEX(Inventory!$H$6:$H$45,SMALL(IF((Inventory!$E$6:$E$45="Power")*(Inventory!$J$6:$J$45<>"Resolved")*(Inventory!$B$6:$B$45<>""),ROW(Inventory!$B$6:$B$45)-ROW(Inventory!$B$6)+1),3))&"","")}
B23: {=IFERROR(INDEX(Inventory!$B$6:$B$45,SMALL(IF((Inventory!$E$6:$E$45="Power")*(Inventory!$J$6:$J$45<>"Resolved")*(Inventory!$B$6:$B$45<>""),ROW(Inventory!$B$6:$B$45)-ROW(Inventory!$B$6)+1),4))&"","")} | C23: {=IFERROR(INDEX(Inventory!$D$6:$D$45,SMALL(IF((Inventory!$E$6:$E$45="Power")*(Inventory!$J$6:$J$45<>"Resolved")*(Inventory!$B$6:$B$45<>""),ROW(Inventory!$B$6:$B$45)-ROW(Inventory!$B$6)+1),4))&"","")} | D23: {=IFERROR(INDEX(Inventory!$H$6:$H$45,SMALL(IF((Inventory!$E$6:$E$45="Power")*(Inventory!$J$6:$J$45<>"Resolved")*(Inventory!$B$6:$B$45<>""),ROW(Inventory!$B$6:$B$45)-ROW(Inventory!$B$6)+1),4))&"","")}
B24: {=IFERROR(INDEX(Inventory!$B$6:$B$45,SMALL(IF((Inventory!$E$6:$E$45="Power")*(Inventory!$J$6:$J$45<>"Resolved")*(Inventory!$B$6:$B$45<>""),ROW(Inventory!$B$6:$B$45)-ROW(Inventory!$B$6)+1),5))&"","")} | C24: {=IFERROR(INDEX(Inventory!$D$6:$D$45,SMALL(IF((Inventory!$E$6:$E$45="Power")*(Inventory!$J$6:$J$45<>"Resolved")*(Inventory!$B$6:$B$45<>""),ROW(Inventory!$B$6:$B$45)-ROW(Inventory!$B$6)+1),5))&"","")} | D24: {=IFERROR(INDEX(Inventory!$H$6:$H$45,SMALL(IF((Inventory!$E$6:$E$45="Power")*(Inventory!$J$6:$J$45<>"Resolved")*(Inventory!$B$6:$B$45<>""),ROW(Inventory!$B$6:$B$45)-ROW(Inventory!$B$6)+1),5))&"","")}
B25: {=IFERROR(INDEX(Inventory!$B$6:$B$45,SMALL(IF((Inventory!$E$6:$E$45="Power")*(Inventory!$J$6:$J$45<>"Resolved")*(Inventory!$B$6:$B$45<>""),ROW(Inventory!$B$6:$B$45)-ROW(Inventory!$B$6)+1),6))&"","")} | C25: {=IFERROR(INDEX(Inventory!$D$6:$D$45,SMALL(IF((Inventory!$E$6:$E$45="Power")*(Inventory!$J$6:$J$45<>"Resolved")*(Inventory!$B$6:$B$45<>""),ROW(Inventory!$B$6:$B$45)-ROW(Inventory!$B$6)+1),6))&"","")} | D25: {=IFERROR(INDEX(Inventory!$H$6:$H$45,SMALL(IF((Inventory!$E$6:$E$45="Power")*(Inventory!$J$6:$J$45<>"Resolved")*(Inventory!$B$6:$B$45<>""),ROW(Inventory!$B$6:$B$45)-ROW(Inventory!$B$6)+1),6))&"","")}
B27: WINS TO SEQUENCE FIRST | C27: The win | D27: What it unblocks
B28: {=IFERROR(INDEX(Inventory!$B$6:$B$45,SMALL(IF((Inventory!$I$6:$I$45<>"")*(Inventory!$J$6:$J$45<>"Resolved")*(Inventory!$B$6:$B$45<>""),ROW(Inventory!$B$6:$B$45)-ROW(Inventory!$B$6)+1),1))&"","")} | C28: {=IFERROR(INDEX(Inventory!$I$6:$I$45,SMALL(IF((Inventory!$I$6:$I$45<>"")*(Inventory!$J$6:$J$45<>"Resolved")*(Inventory!$B$6:$B$45<>""),ROW(Inventory!$B$6:$B$45)-ROW(Inventory!$B$6)+1),1))&"","")} | D28: {=IFERROR(INDEX(Inventory!$G$6:$G$45,SMALL(IF((Inventory!$I$6:$I$45<>"")*(Inventory!$J$6:$J$45<>"Resolved")*(Inventory!$B$6:$B$45<>""),ROW(Inventory!$B$6:$B$45)-ROW(Inventory!$B$6)+1),1))&"","")}
B29: {=IFERROR(INDEX(Inventory!$B$6:$B$45,SMALL(IF((Inventory!$I$6:$I$45<>"")*(Inventory!$J$6:$J$45<>"Resolved")*(Inventory!$B$6:$B$45<>""),ROW(Inventory!$B$6:$B$45)-ROW(Inventory!$B$6)+1),2))&"","")} | C29: {=IFERROR(INDEX(Inventory!$I$6:$I$45,SMALL(IF((Inventory!$I$6:$I$45<>"")*(Inventory!$J$6:$J$45<>"Resolved")*(Inventory!$B$6:$B$45<>""),ROW(Inventory!$B$6:$B$45)-ROW(Inventory!$B$6)+1),2))&"","")} | D29: {=IFERROR(INDEX(Inventory!$G$6:$G$45,SMALL(IF((Inventory!$I$6:$I$45<>"")*(Inventory!$J$6:$J$45<>"Resolved")*(Inventory!$B$6:$B$45<>""),ROW(Inventory!$B$6:$B$45)-ROW(Inventory!$B$6)+1),2))&"","")}
B30: {=IFERROR(INDEX(Inventory!$B$6:$B$45,SMALL(IF((Inventory!$I$6:$I$45<>"")*(Inventory!$J$6:$J$45<>"Resolved")*(Inventory!$B$6:$B$45<>""),ROW(Inventory!$B$6:$B$45)-ROW(Inventory!$B$6)+1),3))&"","")} | C30: {=IFERROR(INDEX(Inventory!$I$6:$I$45,SMALL(IF((Inventory!$I$6:$I$45<>"")*(Inventory!$J$6:$J$45<>"Resolved")*(Inventory!$B$6:$B$45<>""),ROW(Inventory!$B$6:$B$45)-ROW(Inventory!$B$6)+1),3))&"","")} | D30: {=IFERROR(INDEX(Inventory!$G$6:$G$45,SMALL(IF((Inventory!$I$6:$I$45<>"")*(Inventory!$J$6:$J$45<>"Resolved")*(Inventory!$B$6:$B$45<>""),ROW(Inventory!$B$6:$B$45)-ROW(Inventory!$B$6)+1),3))&"","")}
B31: {=IFERROR(INDEX(Inventory!$B$6:$B$45,SMALL(IF((Inventory!$I$6:$I$45<>"")*(Inventory!$J$6:$J$45<>"Resolved")*(Inventory!$B$6:$B$45<>""),ROW(Inventory!$B$6:$B$45)-ROW(Inventory!$B$6)+1),4))&"","")} | C31: {=IFERROR(INDEX(Inventory!$I$6:$I$45,SMALL(IF((Inventory!$I$6:$I$45<>"")*(Inventory!$J$6:$J$45<>"Resolved")*(Inventory!$B$6:$B$45<>""),ROW(Inventory!$B$6:$B$45)-ROW(Inventory!$B$6)+1),4))&"","")} | D31: {=IFERROR(INDEX(Inventory!$G$6:$G$45,SMALL(IF((Inventory!$I$6:$I$45<>"")*(Inventory!$J$6:$J$45<>"Resolved")*(Inventory!$B$6:$B$45<>""),ROW(Inventory!$B$6:$B$45)-ROW(Inventory!$B$6)+1),4))&"","")}
B32: {=IFERROR(INDEX(Inventory!$B$6:$B$45,SMALL(IF((Inventory!$I$6:$I$45<>"")*(Inventory!$J$6:$J$45<>"Resolved")*(Inventory!$B$6:$B$45<>""),ROW(Inventory!$B$6:$B$45)-ROW(Inventory!$B$6)+1),5))&"","")} | C32: {=IFERROR(INDEX(Inventory!$I$6:$I$45,SMALL(IF((Inventory!$I$6:$I$45<>"")*(Inventory!$J$6:$J$45<>"Resolved")*(Inventory!$B$6:$B$45<>""),ROW(Inventory!$B$6:$B$45)-ROW(Inventory!$B$6)+1),5))&"","")} | D32: {=IFERROR(INDEX(Inventory!$G$6:$G$45,SMALL(IF((Inventory!$I$6:$I$45<>"")*(Inventory!$J$6:$J$45<>"Resolved")*(Inventory!$B$6:$B$45<>""),ROW(Inventory!$B$6:$B$45)-ROW(Inventory!$B$6)+1),5))&"","")}
B33: {=IFERROR(INDEX(Inventory!$B$6:$B$45,SMALL(IF((Inventory!$I$6:$I$45<>"")*(Inventory!$J$6:$J$45<>"Resolved")*(Inventory!$B$6:$B$45<>""),ROW(Inventory!$B$6:$B$45)-ROW(Inventory!$B$6)+1),6))&"","")} | C33: {=IFERROR(INDEX(Inventory!$I$6:$I$45,SMALL(IF((Inventory!$I$6:$I$45<>"")*(Inventory!$J$6:$J$45<>"Resolved")*(Inventory!$B$6:$B$45<>""),ROW(Inventory!$B$6:$B$45)-ROW(Inventory!$B$6)+1),6))&"","")} | D33: {=IFERROR(INDEX(Inventory!$G$6:$G$45,SMALL(IF((Inventory!$I$6:$I$45<>"")*(Inventory!$J$6:$J$45<>"Resolved")*(Inventory!$B$6:$B$45<>""),ROW(Inventory!$B$6:$B$45)-ROW(Inventory!$B$6)+1),6))&"","")}
B35: STALLS TO STOP DIAGNOSING AS TECHNOLOGY PROBLEMS | C35: The fog underneath it | D35: What the fog protects
B36: {=IFERROR(INDEX(Inventory!$G$6:$G$45,SMALL(IF((Inventory!$G$6:$G$45<>"")*(Inventory!$J$6:$J$45<>"Resolved")*(Inventory!$B$6:$B$45<>""),ROW(Inventory!$B$6:$B$45)-ROW(Inventory!$B$6)+1),1))&"","")} | C36: {=IFERROR(INDEX(Inventory!$B$6:$B$45,SMALL(IF((Inventory!$G$6:$G$45<>"")*(Inventory!$J$6:$J$45<>"Resolved")*(Inventory!$B$6:$B$45<>""),ROW(Inventory!$B$6:$B$45)-ROW(Inventory!$B$6)+1),1))&"","")} | D36: {=IFERROR(INDEX(Inventory!$E$6:$E$45,SMALL(IF((Inventory!$G$6:$G$45<>"")*(Inventory!$J$6:$J$45<>"Resolved")*(Inventory!$B$6:$B$45<>""),ROW(Inventory!$B$6:$B$45)-ROW(Inventory!$B$6)+1),1))&"","")}
B37: {=IFERROR(INDEX(Inventory!$G$6:$G$45,SMALL(IF((Inventory!$G$6:$G$45<>"")*(Inventory!$J$6:$J$45<>"Resolved")*(Inventory!$B$6:$B$45<>""),ROW(Inventory!$B$6:$B$45)-ROW(Inventory!$B$6)+1),2))&"","")} | C37: {=IFERROR(INDEX(Inventory!$B$6:$B$45,SMALL(IF((Inventory!$G$6:$G$45<>"")*(Inventory!$J$6:$J$45<>"Resolved")*(Inventory!$B$6:$B$45<>""),ROW(Inventory!$B$6:$B$45)-ROW(Inventory!$B$6)+1),2))&"","")} | D37: {=IFERROR(INDEX(Inventory!$E$6:$E$45,SMALL(IF((Inventory!$G$6:$G$45<>"")*(Inventory!$J$6:$J$45<>"Resolved")*(Inventory!$B$6:$B$45<>""),ROW(Inventory!$B$6:$B$45)-ROW(Inventory!$B$6)+1),2))&"","")}
B38: {=IFERROR(INDEX(Inventory!$G$6:$G$45,SMALL(IF((Inventory!$G$6:$G$45<>"")*(Inventory!$J$6:$J$45<>"Resolved")*(Inventory!$B$6:$B$45<>""),ROW(Inventory!$B$6:$B$45)-ROW(Inventory!$B$6)+1),3))&"","")} | C38: {=IFERROR(INDEX(Inventory!$B$6:$B$45,SMALL(IF((Inventory!$G$6:$G$45<>"")*(Inventory!$J$6:$J$45<>"Resolved")*(Inventory!$B$6:$B$45<>""),ROW(Inventory!$B$6:$B$45)-ROW(Inventory!$B$6)+1),3))&"","")} | D38: {=IFERROR(INDEX(Inventory!$E$6:$E$45,SMALL(IF((Inventory!$G$6:$G$45<>"")*(Inventory!$J$6:$J$45<>"Resolved")*(Inventory!$B$6:$B$45<>""),ROW(Inventory!$B$6:$B$45)-ROW(Inventory!$B$6)+1),3))&"","")}
B39: {=IFERROR(INDEX(Inventory!$G$6:$G$45,SMALL(IF((Inventory!$G$6:$G$45<>"")*(Inventory!$J$6:$J$45<>"Resolved")*(Inventory!$B$6:$B$45<>""),ROW(Inventory!$B$6:$B$45)-ROW(Inventory!$B$6)+1),4))&"","")} | C39: {=IFERROR(INDEX(Inventory!$B$6:$B$45,SMALL(IF((Inventory!$G$6:$G$45<>"")*(Inventory!$J$6:$J$45<>"Resolved")*(Inventory!$B$6:$B$45<>""),ROW(Inventory!$B$6:$B$45)-ROW(Inventory!$B$6)+1),4))&"","")} | D39: {=IFERROR(INDEX(Inventory!$E$6:$E$45,SMALL(IF((Inventory!$G$6:$G$45<>"")*(Inventory!$J$6:$J$45<>"Resolved")*(Inventory!$B$6:$B$45<>""),ROW(Inventory!$B$6:$B$45)-ROW(Inventory!$B$6)+1),4))&"","")}
B40: {=IFERROR(INDEX(Inventory!$G$6:$G$45,SMALL(IF((Inventory!$G$6:$G$45<>"")*(Inventory!$J$6:$J$45<>"Resolved")*(Inventory!$B$6:$B$45<>""),ROW(Inventory!$B$6:$B$45)-ROW(Inventory!$B$6)+1),5))&"","")} | C40: {=IFERROR(INDEX(Inventory!$B$6:$B$45,SMALL(IF((Inventory!$G$6:$G$45<>"")*(Inventory!$J$6:$J$45<>"Resolved")*(Inventory!$B$6:$B$45<>""),ROW(Inventory!$B$6:$B$45)-ROW(Inventory!$B$6)+1),5))&"","")} | D40: {=IFERROR(INDEX(Inventory!$E$6:$E$45,SMALL(IF((Inventory!$G$6:$G$45<>"")*(Inventory!$J$6:$J$45<>"Resolved")*(Inventory!$B$6:$B$45<>""),ROW(Inventory!$B$6:$B$45)-ROW(Inventory!$B$6)+1),5))&"","")}
B41: {=IFERROR(INDEX(Inventory!$G$6:$G$45,SMALL(IF((Inventory!$G$6:$G$45<>"")*(Inventory!$J$6:$J$45<>"Resolved")*(Inventory!$B$6:$B$45<>""),ROW(Inventory!$B$6:$B$45)-ROW(Inventory!$B$6)+1),6))&"","")} | C41: {=IFERROR(INDEX(Inventory!$B$6:$B$45,SMALL(IF((Inventory!$G$6:$G$45<>"")*(Inventory!$J$6:$J$45<>"Resolved")*(Inventory!$B$6:$B$45<>""),ROW(Inventory!$B$6:$B$45)-ROW(Inventory!$B$6)+1),6))&"","")} | D41: {=IFERROR(INDEX(Inventory!$E$6:$E$45,SMALL(IF((Inventory!$G$6:$G$45<>"")*(Inventory!$J$6:$J$45<>"Resolved")*(Inventory!$B$6:$B$45<>""),ROW(Inventory!$B$6:$B$45)-ROW(Inventory!$B$6)+1),6))&"","")}
B43: An organization whose leaders defend ambiguity has told you its AI ceiling. The technology can only distribute the truth the organization is willing to establish.
B46: © 2026 Elizabeth A. Corey. All rights reserved. GROWTH Execution Model™. onthegrow.ai
