Workbook

Sheet How to Use
B1: The Decision Rights Matrix
B2: From AI Will Scale Good Leadership and Bad Leadership: The CHRO’s Method for Redesigning Work Before AI Scales What’s Broken, by Liz Corey | Toolbox No. 7 | OnTheGrow Leadership
B3: © 2026 Elizabeth A. Corey. All rights reserved. GROWTH Execution Model™. onthegrow.ai
B5: Ownership is singular. When two people own a rule, nobody owns it. This register puts five names on every rule that moves money or touches people, so the next quiet failure gets caught by a calendar instead of a discovery.
B7: HOW THIS WORKBOOK IS SET UP
B8: Register | C8: One row per consequential rule. Five names, a validation date, and the exception count. The workbook flags blanks, overdue validations, and rising exceptions, and ranks what to fix first.
B9: Summary | C9: The one page for your CFO: which rules are governed, which ownership question fails most, and the top five to fix.
B10: Example rows | C10: Ten payroll rules are filled in so you can see a finished register, blanks included. Replace them with your own.
B11: Yellow cells | C11: Type in the yellow cells only. Every other cell is a formula.
B13: THE FIVE OWNERSHIP QUESTIONS
B14: 1. Defined | C14: Who defined this rule, and could their successor find out why it says what it says?
B15: 2. Applied | C15: Who decides where it applies: which divisions, sites, employee groups, and exceptions?
B16: 3. Validated | C16: Who confirms, on a schedule, that the rule still matches the policy and the law? Every division gets a named validator with standing to challenge central configuration.
B17: 4. Watched | C17: What changes would make this rule wrong (a new law, a new shift, an acquisition), and who is watching for them?
B18: 5. Answered | C18: Who owns the consequences when the rule is wrong? One name.
B20: STEP BY STEP
B21: 1. Start where money touches people | C21: Pay codes, overtime rules, accrual logic, deduction rules, eligibility thresholds. These are the rules whose quiet failures hurt the most and surface the slowest.
B22: 2. Put five names in five columns | C22: A blank cell is a finding, not a formatting problem. Expect blanks. That is the point.
B23: 3. Give every rule a validation date | C23: And give every division a named validator. Overdue dates show in red.
B24: 4. Add the exception count each quarter | C24: Enter last quarter and this quarter. Rising exceptions move the rule to the front of the validation queue.
B26: THE CHRO’S MOVE
B27: One afternoon | C27: Pull the ten rules in your systems that most directly touch employees’ money. Answer the five questions in writing for each. Assign a validator and a date to every blank before you finish. Then take the Summary page to your CFO.
B29: WANT IT DONE FASTER?
B30: Decision Rights Scan | C30: The AI-powered version reads your payroll and HRIS configuration, lists the rules running in them, and drafts the register for your team to complete. Early access. Call for pricing. Book a conversation at onthegrow.ai
B32: © 2026 Elizabeth A. Corey. All rights reserved. GROWTH Execution Model™. onthegrow.ai

Sheet Register
A1: Decision Rights Register
A2: HOW TO USE THIS TAB: One row per rule. Type in the yellow cells. Put a name in each of the five ownership columns; a blank turns red and is a finding. Teal columns calculate. The payroll rows are an example; replace them.
A3: © 2026 Elizabeth A. Corey. All rights reserved. GROWTH Execution Model™. onthegrow.ai
A4: ID | B4: Rule or decision | C4: Where it runs | D4: Employees affected | E4: 1. Defined by | F4: 2. Applicability decided by | G4: 3. Validated by | H4: Next validation date | I4: Change triggers watched | J4: 4. Watched by | K4: 5. Owner of consequences | L4: Exceptions last quarter | M4: Exceptions this quarter | N4: Names filled (of 5) | O4: Status | P4: Fix-first rank | Q4: Next action | R4: Notes | S4: key
A5: R01 | B5: Overtime: hours over 40 in a workweek paid at 1.5 times the regular rate | C5: Payroll system | D5: 420 | E5: Payroll manager | F5: Compensation manager | G5: Payroll manager | H5: 46402 | I5: State wage law changes; workweek definition | J5: Employment counsel | K5: VP People | L5: 2 | M5: 2 | N5: =IF(B5="","",5-COUNTBLANK(E5:G5)-COUNTBLANK(J5:K5)) | O5: =IF(B5="","",IF(N5<5,"Blank found",IF(AND(ISNUMBER(M5),ISNUMBER(L5),M5>L5),"Exceptions rising",IF(OR(H5="",AND(ISNUMBER(H5),H5<TODAY())),"Validation overdue","Governed")))) | P5: =IF(S5="","",RANK(S5,$S$5:$S$54,0)) | Q5: =IF(B5="","",IF(E5="","Name who defined this rule.",IF(F5="","Name who decides where it applies.",IF(G5="","Name a validator and a validation date.",IF(J5="","Name who watches for changes.",IF(K5="","Name the owner of consequences.",IF(AND(ISNUMBER(M5),ISNUMBER(L5),M5>L5),"Move it to the front of the validation queue.",IF(OR(H5="",AND(ISNUMBER(H5),H5<TODAY())),"Validate it now and set the next date.","Governed. Validate on the next date."))))))) | S5: =IF(OR(B5="",O5="Governed"),"",(5-N5)*1000+IF(AND(ISNUMBER(M5),ISNUMBER(L5),M5>L5),1500,0)+IF(OR(H5="",AND(ISNUMBER(H5),H5<TODAY())),500,0)+IF(ISNUMBER(D5),MIN(D5,9999)/10000,0)-ROW()/1000000)
A6: R02 | B6: Sunday premium pay | C6: Timekeeping system | D6: 180 | F6: Division operations manager | L6: 4 | M6: 11 | N6: =IF(B6="","",5-COUNTBLANK(E6:G6)-COUNTBLANK(J6:K6)) | O6: =IF(B6="","",IF(N6<5,"Blank found",IF(AND(ISNUMBER(M6),ISNUMBER(L6),M6>L6),"Exceptions rising",IF(OR(H6="",AND(ISNUMBER(H6),H6<TODAY())),"Validation overdue","Governed")))) | P6: =IF(S6="","",RANK(S6,$S$5:$S$54,0)) | Q6: =IF(B6="","",IF(E6="","Name who defined this rule.",IF(F6="","Name who decides where it applies.",IF(G6="","Name a validator and a validation date.",IF(J6="","Name who watches for changes.",IF(K6="","Name the owner of consequences.",IF(AND(ISNUMBER(M6),ISNUMBER(L6),M6>L6),"Move it to the front of the validation queue.",IF(OR(H6="",AND(ISNUMBER(H6),H6<TODAY())),"Validate it now and set the next date.","Governed. Validate on the next date."))))))) | R6: Configured years ago. Nobody can say who wrote it, or why it applies where it does. | S6: =IF(OR(B6="",O6="Governed"),"",(5-N6)*1000+IF(AND(ISNUMBER(M6),ISNUMBER(L6),M6>L6),1500,0)+IF(OR(H6="",AND(ISNUMBER(H6),H6<TODAY())),500,0)+IF(ISNUMBER(D6),MIN(D6,9999)/10000,0)-ROW()/1000000)
A7: R03 | B7: Holiday pay eligibility | C7: Payroll system | D7: 800 | E7: Payroll manager | F7: HR operations manager | G7: Payroll manager | H7: 46203 | I7: Holiday calendar each year | J7: HR operations manager | K7: VP People | L7: 3 | M7: 3 | N7: =IF(B7="","",5-COUNTBLANK(E7:G7)-COUNTBLANK(J7:K7)) | O7: =IF(B7="","",IF(N7<5,"Blank found",IF(AND(ISNUMBER(M7),ISNUMBER(L7),M7>L7),"Exceptions rising",IF(OR(H7="",AND(ISNUMBER(H7),H7<TODAY())),"Validation overdue","Governed")))) | P7: =IF(S7="","",RANK(S7,$S$5:$S$54,0)) | Q7: =IF(B7="","",IF(E7="","Name who defined this rule.",IF(F7="","Name who decides where it applies.",IF(G7="","Name a validator and a validation date.",IF(J7="","Name who watches for changes.",IF(K7="","Name the owner of consequences.",IF(AND(ISNUMBER(M7),ISNUMBER(L7),M7>L7),"Move it to the front of the validation queue.",IF(OR(H7="",AND(ISNUMBER(H7),H7<TODAY())),"Validate it now and set the next date.","Governed. Validate on the next date."))))))) | R7: Validation date passed. | S7: =IF(OR(B7="",O7="Governed"),"",(5-N7)*1000+IF(AND(ISNUMBER(M7),ISNUMBER(L7),M7>L7),1500,0)+IF(OR(H7="",AND(ISNUMBER(H7),H7<TODAY())),500,0)+IF(ISNUMBER(D7),MIN(D7,9999)/10000,0)-ROW()/1000000)
A8: R04 | B8: Shift differential for evening and night shifts | C8: Timekeeping system | D8: 240 | E8: Compensation manager | F8: Division operations manager | G8: Division payroll validator | H8: 46477 | I8: New shifts added | J8: Division operations manager | K8: VP Operations | L8: 1 | M8: 6 | N8: =IF(B8="","",5-COUNTBLANK(E8:G8)-COUNTBLANK(J8:K8)) | O8: =IF(B8="","",IF(N8<5,"Blank found",IF(AND(ISNUMBER(M8),ISNUMBER(L8),M8>L8),"Exceptions rising",IF(OR(H8="",AND(ISNUMBER(H8),H8<TODAY())),"Validation overdue","Governed")))) | P8: =IF(S8="","",RANK(S8,$S$5:$S$54,0)) | Q8: =IF(B8="","",IF(E8="","Name who defined this rule.",IF(F8="","Name who decides where it applies.",IF(G8="","Name a validator and a validation date.",IF(J8="","Name who watches for changes.",IF(K8="","Name the owner of consequences.",IF(AND(ISNUMBER(M8),ISNUMBER(L8),M8>L8),"Move it to the front of the validation queue.",IF(OR(H8="",AND(ISNUMBER(H8),H8<TODAY())),"Validate it now and set the next date.","Governed. Validate on the next date."))))))) | R8: Exceptions jumped after two new shifts launched. | S8: =IF(OR(B8="",O8="Governed"),"",(5-N8)*1000+IF(AND(ISNUMBER(M8),ISNUMBER(L8),M8>L8),1500,0)+IF(OR(H8="",AND(ISNUMBER(H8),H8<TODAY())),500,0)+IF(ISNUMBER(D8),MIN(D8,9999)/10000,0)-ROW()/1000000)
A9: R05 | B9: PTO accrual rate by tenure | C9: HRIS | D9: 800 | E9: HR operations manager | F9: HR operations manager | I9: Policy changes; acquisitions | J9: HR operations manager | K9: VP People | L9: 5 | M9: 5 | N9: =IF(B9="","",5-COUNTBLANK(E9:G9)-COUNTBLANK(J9:K9)) | O9: =IF(B9="","",IF(N9<5,"Blank found",IF(AND(ISNUMBER(M9),ISNUMBER(L9),M9>L9),"Exceptions rising",IF(OR(H9="",AND(ISNUMBER(H9),H9<TODAY())),"Validation overdue","Governed")))) | P9: =IF(S9="","",RANK(S9,$S$5:$S$54,0)) | Q9: =IF(B9="","",IF(E9="","Name who defined this rule.",IF(F9="","Name who decides where it applies.",IF(G9="","Name a validator and a validation date.",IF(J9="","Name who watches for changes.",IF(K9="","Name the owner of consequences.",IF(AND(ISNUMBER(M9),ISNUMBER(L9),M9>L9),"Move it to the front of the validation queue.",IF(OR(H9="",AND(ISNUMBER(H9),H9<TODAY())),"Validate it now and set the next date.","Governed. Validate on the next date."))))))) | S9: =IF(OR(B9="",O9="Governed"),"",(5-N9)*1000+IF(AND(ISNUMBER(M9),ISNUMBER(L9),M9>L9),1500,0)+IF(OR(H9="",AND(ISNUMBER(H9),H9<TODAY())),500,0)+IF(ISNUMBER(D9),MIN(D9,9999)/10000,0)-ROW()/1000000)
A10: R06 | B10: 401(k) deduction and company match | C10: Payroll system; plan provider | D10: 650 | E10: Benefits manager | F10: Benefits manager | G10: Benefits manager | H10: 46418 | I10: Plan amendments; IRS limits each year | J10: Benefits manager | K10: CFO | L10: 0 | M10: 0 | N10: =IF(B10="","",5-COUNTBLANK(E10:G10)-COUNTBLANK(J10:K10)) | O10: =IF(B10="","",IF(N10<5,"Blank found",IF(AND(ISNUMBER(M10),ISNUMBER(L10),M10>L10),"Exceptions rising",IF(OR(H10="",AND(ISNUMBER(H10),H10<TODAY())),"Validation overdue","Governed")))) | P10: =IF(S10="","",RANK(S10,$S$5:$S$54,0)) | Q10: =IF(B10="","",IF(E10="","Name who defined this rule.",IF(F10="","Name who decides where it applies.",IF(G10="","Name a validator and a validation date.",IF(J10="","Name who watches for changes.",IF(K10="","Name the owner of consequences.",IF(AND(ISNUMBER(M10),ISNUMBER(L10),M10>L10),"Move it to the front of the validation queue.",IF(OR(H10="",AND(ISNUMBER(H10),H10<TODAY())),"Validate it now and set the next date.","Governed. Validate on the next date."))))))) | S10: =IF(OR(B10="",O10="Governed"),"",(5-N10)*1000+IF(AND(ISNUMBER(M10),ISNUMBER(L10),M10>L10),1500,0)+IF(OR(H10="",AND(ISNUMBER(H10),H10<TODAY())),500,0)+IF(ISNUMBER(D10),MIN(D10,9999)/10000,0)-ROW()/1000000)
A11: R07 | B11: Benefits eligibility at 30 hours a week | C11: HRIS; benefits platform | D11: 300 | E11: Benefits manager | G11: Benefits manager | H11: 46295 | I11: Scheduled hours changes; ACA rules | K11: VP People | L11: 2 | M11: 4 | N11: =IF(B11="","",5-COUNTBLANK(E11:G11)-COUNTBLANK(J11:K11)) | O11: =IF(B11="","",IF(N11<5,"Blank found",IF(AND(ISNUMBER(M11),ISNUMBER(L11),M11>L11),"Exceptions rising",IF(OR(H11="",AND(ISNUMBER(H11),H11<TODAY())),"Validation overdue","Governed")))) | P11: =IF(S11="","",RANK(S11,$S$5:$S$54,0)) | Q11: =IF(B11="","",IF(E11="","Name who defined this rule.",IF(F11="","Name who decides where it applies.",IF(G11="","Name a validator and a validation date.",IF(J11="","Name who watches for changes.",IF(K11="","Name the owner of consequences.",IF(AND(ISNUMBER(M11),ISNUMBER(L11),M11>L11),"Move it to the front of the validation queue.",IF(OR(H11="",AND(ISNUMBER(H11),H11<TODAY())),"Validate it now and set the next date.","Governed. Validate on the next date."))))))) | S11: =IF(OR(B11="",O11="Governed"),"",(5-N11)*1000+IF(AND(ISNUMBER(M11),ISNUMBER(L11),M11>L11),1500,0)+IF(OR(H11="",AND(ISNUMBER(H11),H11<TODAY())),500,0)+IF(ISNUMBER(D11),MIN(D11,9999)/10000,0)-ROW()/1000000)
A12: R08 | B12: Final pay timing by state | C12: Payroll system | D12: 60 | E12: Payroll manager | F12: Employment counsel | G12: Payroll manager | H12: 46446 | I12: State law changes | J12: Employment counsel | K12: VP People | L12: 1 | M12: 1 | N12: =IF(B12="","",5-COUNTBLANK(E12:G12)-COUNTBLANK(J12:K12)) | O12: =IF(B12="","",IF(N12<5,"Blank found",IF(AND(ISNUMBER(M12),ISNUMBER(L12),M12>L12),"Exceptions rising",IF(OR(H12="",AND(ISNUMBER(H12),H12<TODAY())),"Validation overdue","Governed")))) | P12: =IF(S12="","",RANK(S12,$S$5:$S$54,0)) | Q12: =IF(B12="","",IF(E12="","Name who defined this rule.",IF(F12="","Name who decides where it applies.",IF(G12="","Name a validator and a validation date.",IF(J12="","Name who watches for changes.",IF(K12="","Name the owner of consequences.",IF(AND(ISNUMBER(M12),ISNUMBER(L12),M12>L12),"Move it to the front of the validation queue.",IF(OR(H12="",AND(ISNUMBER(H12),H12<TODAY())),"Validate it now and set the next date.","Governed. Validate on the next date."))))))) | S12: =IF(OR(B12="",O12="Governed"),"",(5-N12)*1000+IF(AND(ISNUMBER(M12),ISNUMBER(L12),M12>L12),1500,0)+IF(OR(H12="",AND(ISNUMBER(H12),H12<TODAY())),500,0)+IF(ISNUMBER(D12),MIN(D12,9999)/10000,0)-ROW()/1000000)
A13: R09 | B13: Bonus proration for partial-year employees | C13: Compensation spreadsheet | D13: 120 | E13: Compensation manager | F13: Compensation manager | I13: Plan design changes | K13: CFO | L13: 0 | M13: 3 | N13: =IF(B13="","",5-COUNTBLANK(E13:G13)-COUNTBLANK(J13:K13)) | O13: =IF(B13="","",IF(N13<5,"Blank found",IF(AND(ISNUMBER(M13),ISNUMBER(L13),M13>L13),"Exceptions rising",IF(OR(H13="",AND(ISNUMBER(H13),H13<TODAY())),"Validation overdue","Governed")))) | P13: =IF(S13="","",RANK(S13,$S$5:$S$54,0)) | Q13: =IF(B13="","",IF(E13="","Name who defined this rule.",IF(F13="","Name who decides where it applies.",IF(G13="","Name a validator and a validation date.",IF(J13="","Name who watches for changes.",IF(K13="","Name the owner of consequences.",IF(AND(ISNUMBER(M13),ISNUMBER(L13),M13>L13),"Move it to the front of the validation queue.",IF(OR(H13="",AND(ISNUMBER(H13),H13<TODAY())),"Validate it now and set the next date.","Governed. Validate on the next date."))))))) | R13: Lives in a spreadsheet, not a system. | S13: =IF(OR(B13="",O13="Governed"),"",(5-N13)*1000+IF(AND(ISNUMBER(M13),ISNUMBER(L13),M13>L13),1500,0)+IF(OR(H13="",AND(ISNUMBER(H13),H13<TODAY())),500,0)+IF(ISNUMBER(D13),MIN(D13,9999)/10000,0)-ROW()/1000000)
A14: R10 | B14: Retroactive pay corrections after a period closes | C14: Payroll system | D14: 40 | E14: Payroll manager | F14: Payroll manager | G14: Payroll manager | H14: 46402 | I14: Rate changes after a pay period closes | J14: Payroll manager | K14: VP People | L14: 6 | M14: 9 | N14: =IF(B14="","",5-COUNTBLANK(E14:G14)-COUNTBLANK(J14:K14)) | O14: =IF(B14="","",IF(N14<5,"Blank found",IF(AND(ISNUMBER(M14),ISNUMBER(L14),M14>L14),"Exceptions rising",IF(OR(H14="",AND(ISNUMBER(H14),H14<TODAY())),"Validation overdue","Governed")))) | P14: =IF(S14="","",RANK(S14,$S$5:$S$54,0)) | Q14: =IF(B14="","",IF(E14="","Name who defined this rule.",IF(F14="","Name who decides where it applies.",IF(G14="","Name a validator and a validation date.",IF(J14="","Name who watches for changes.",IF(K14="","Name the owner of consequences.",IF(AND(ISNUMBER(M14),ISNUMBER(L14),M14>L14),"Move it to the front of the validation queue.",IF(OR(H14="",AND(ISNUMBER(H14),H14<TODAY())),"Validate it now and set the next date.","Governed. Validate on the next date."))))))) | S14: =IF(OR(B14="",O14="Governed"),"",(5-N14)*1000+IF(AND(ISNUMBER(M14),ISNUMBER(L14),M14>L14),1500,0)+IF(OR(H14="",AND(ISNUMBER(H14),H14<TODAY())),500,0)+IF(ISNUMBER(D14),MIN(D14,9999)/10000,0)-ROW()/1000000)
A15: R11 | N15: =IF(B15="","",5-COUNTBLANK(E15:G15)-COUNTBLANK(J15:K15)) | O15: =IF(B15="","",IF(N15<5,"Blank found",IF(AND(ISNUMBER(M15),ISNUMBER(L15),M15>L15),"Exceptions rising",IF(OR(H15="",AND(ISNUMBER(H15),H15<TODAY())),"Validation overdue","Governed")))) | P15: =IF(S15="","",RANK(S15,$S$5:$S$54,0)) | Q15: =IF(B15="","",IF(E15="","Name who defined this rule.",IF(F15="","Name who decides where it applies.",IF(G15="","Name a validator and a validation date.",IF(J15="","Name who watches for changes.",IF(K15="","Name the owner of consequences.",IF(AND(ISNUMBER(M15),ISNUMBER(L15),M15>L15),"Move it to the front of the validation queue.",IF(OR(H15="",AND(ISNUMBER(H15),H15<TODAY())),"Validate it now and set the next date.","Governed. Validate on the next date."))))))) | S15: =IF(OR(B15="",O15="Governed"),"",(5-N15)*1000+IF(AND(ISNUMBER(M15),ISNUMBER(L15),M15>L15),1500,0)+IF(OR(H15="",AND(ISNUMBER(H15),H15<TODAY())),500,0)+IF(ISNUMBER(D15),MIN(D15,9999)/10000,0)-ROW()/1000000)
A16: R12 | N16: =IF(B16="","",5-COUNTBLANK(E16:G16)-COUNTBLANK(J16:K16)) | O16: =IF(B16="","",IF(N16<5,"Blank found",IF(AND(ISNUMBER(M16),ISNUMBER(L16),M16>L16),"Exceptions rising",IF(OR(H16="",AND(ISNUMBER(H16),H16<TODAY())),"Validation overdue","Governed")))) | P16: =IF(S16="","",RANK(S16,$S$5:$S$54,0)) | Q16: =IF(B16="","",IF(E16="","Name who defined this rule.",IF(F16="","Name who decides where it applies.",IF(G16="","Name a validator and a validation date.",IF(J16="","Name who watches for changes.",IF(K16="","Name the owner of consequences.",IF(AND(ISNUMBER(M16),ISNUMBER(L16),M16>L16),"Move it to the front of the validation queue.",IF(OR(H16="",AND(ISNUMBER(H16),H16<TODAY())),"Validate it now and set the next date.","Governed. Validate on the next date."))))))) | S16: =IF(OR(B16="",O16="Governed"),"",(5-N16)*1000+IF(AND(ISNUMBER(M16),ISNUMBER(L16),M16>L16),1500,0)+IF(OR(H16="",AND(ISNUMBER(H16),H16<TODAY())),500,0)+IF(ISNUMBER(D16),MIN(D16,9999)/10000,0)-ROW()/1000000)
A17: R13 | N17: =IF(B17="","",5-COUNTBLANK(E17:G17)-COUNTBLANK(J17:K17)) | O17: =IF(B17="","",IF(N17<5,"Blank found",IF(AND(ISNUMBER(M17),ISNUMBER(L17),M17>L17),"Exceptions rising",IF(OR(H17="",AND(ISNUMBER(H17),H17<TODAY())),"Validation overdue","Governed")))) | P17: =IF(S17="","",RANK(S17,$S$5:$S$54,0)) | Q17: =IF(B17="","",IF(E17="","Name who defined this rule.",IF(F17="","Name who decides where it applies.",IF(G17="","Name a validator and a validation date.",IF(J17="","Name who watches for changes.",IF(K17="","Name the owner of consequences.",IF(AND(ISNUMBER(M17),ISNUMBER(L17),M17>L17),"Move it to the front of the validation queue.",IF(OR(H17="",AND(ISNUMBER(H17),H17<TODAY())),"Validate it now and set the next date.","Governed. Validate on the next date."))))))) | S17: =IF(OR(B17="",O17="Governed"),"",(5-N17)*1000+IF(AND(ISNUMBER(M17),ISNUMBER(L17),M17>L17),1500,0)+IF(OR(H17="",AND(ISNUMBER(H17),H17<TODAY())),500,0)+IF(ISNUMBER(D17),MIN(D17,9999)/10000,0)-ROW()/1000000)
A18: R14 | N18: =IF(B18="","",5-COUNTBLANK(E18:G18)-COUNTBLANK(J18:K18)) | O18: =IF(B18="","",IF(N18<5,"Blank found",IF(AND(ISNUMBER(M18),ISNUMBER(L18),M18>L18),"Exceptions rising",IF(OR(H18="",AND(ISNUMBER(H18),H18<TODAY())),"Validation overdue","Governed")))) | P18: =IF(S18="","",RANK(S18,$S$5:$S$54,0)) | Q18: =IF(B18="","",IF(E18="","Name who defined this rule.",IF(F18="","Name who decides where it applies.",IF(G18="","Name a validator and a validation date.",IF(J18="","Name who watches for changes.",IF(K18="","Name the owner of consequences.",IF(AND(ISNUMBER(M18),ISNUMBER(L18),M18>L18),"Move it to the front of the validation queue.",IF(OR(H18="",AND(ISNUMBER(H18),H18<TODAY())),"Validate it now and set the next date.","Governed. Validate on the next date."))))))) | S18: =IF(OR(B18="",O18="Governed"),"",(5-N18)*1000+IF(AND(ISNUMBER(M18),ISNUMBER(L18),M18>L18),1500,0)+IF(OR(H18="",AND(ISNUMBER(H18),H18<TODAY())),500,0)+IF(ISNUMBER(D18),MIN(D18,9999)/10000,0)-ROW()/1000000)
A19: R15 | N19: =IF(B19="","",5-COUNTBLANK(E19:G19)-COUNTBLANK(J19:K19)) | O19: =IF(B19="","",IF(N19<5,"Blank found",IF(AND(ISNUMBER(M19),ISNUMBER(L19),M19>L19),"Exceptions rising",IF(OR(H19="",AND(ISNUMBER(H19),H19<TODAY())),"Validation overdue","Governed")))) | P19: =IF(S19="","",RANK(S19,$S$5:$S$54,0)) | Q19: =IF(B19="","",IF(E19="","Name who defined this rule.",IF(F19="","Name who decides where it applies.",IF(G19="","Name a validator and a validation date.",IF(J19="","Name who watches for changes.",IF(K19="","Name the owner of consequences.",IF(AND(ISNUMBER(M19),ISNUMBER(L19),M19>L19),"Move it to the front of the validation queue.",IF(OR(H19="",AND(ISNUMBER(H19),H19<TODAY())),"Validate it now and set the next date.","Governed. Validate on the next date."))))))) | S19: =IF(OR(B19="",O19="Governed"),"",(5-N19)*1000+IF(AND(ISNUMBER(M19),ISNUMBER(L19),M19>L19),1500,0)+IF(OR(H19="",AND(ISNUMBER(H19),H19<TODAY())),500,0)+IF(ISNUMBER(D19),MIN(D19,9999)/10000,0)-ROW()/1000000)
A20: R16 | N20: =IF(B20="","",5-COUNTBLANK(E20:G20)-COUNTBLANK(J20:K20)) | O20: =IF(B20="","",IF(N20<5,"Blank found",IF(AND(ISNUMBER(M20),ISNUMBER(L20),M20>L20),"Exceptions rising",IF(OR(H20="",AND(ISNUMBER(H20),H20<TODAY())),"Validation overdue","Governed")))) | P20: =IF(S20="","",RANK(S20,$S$5:$S$54,0)) | Q20: =IF(B20="","",IF(E20="","Name who defined this rule.",IF(F20="","Name who decides where it applies.",IF(G20="","Name a validator and a validation date.",IF(J20="","Name who watches for changes.",IF(K20="","Name the owner of consequences.",IF(AND(ISNUMBER(M20),ISNUMBER(L20),M20>L20),"Move it to the front of the validation queue.",IF(OR(H20="",AND(ISNUMBER(H20),H20<TODAY())),"Validate it now and set the next date.","Governed. Validate on the next date."))))))) | S20: =IF(OR(B20="",O20="Governed"),"",(5-N20)*1000+IF(AND(ISNUMBER(M20),ISNUMBER(L20),M20>L20),1500,0)+IF(OR(H20="",AND(ISNUMBER(H20),H20<TODAY())),500,0)+IF(ISNUMBER(D20),MIN(D20,9999)/10000,0)-ROW()/1000000)
A21: R17 | N21: =IF(B21="","",5-COUNTBLANK(E21:G21)-COUNTBLANK(J21:K21)) | O21: =IF(B21="","",IF(N21<5,"Blank found",IF(AND(ISNUMBER(M21),ISNUMBER(L21),M21>L21),"Exceptions rising",IF(OR(H21="",AND(ISNUMBER(H21),H21<TODAY())),"Validation overdue","Governed")))) | P21: =IF(S21="","",RANK(S21,$S$5:$S$54,0)) | Q21: =IF(B21="","",IF(E21="","Name who defined this rule.",IF(F21="","Name who decides where it applies.",IF(G21="","Name a validator and a validation date.",IF(J21="","Name who watches for changes.",IF(K21="","Name the owner of consequences.",IF(AND(ISNUMBER(M21),ISNUMBER(L21),M21>L21),"Move it to the front of the validation queue.",IF(OR(H21="",AND(ISNUMBER(H21),H21<TODAY())),"Validate it now and set the next date.","Governed. Validate on the next date."))))))) | S21: =IF(OR(B21="",O21="Governed"),"",(5-N21)*1000+IF(AND(ISNUMBER(M21),ISNUMBER(L21),M21>L21),1500,0)+IF(OR(H21="",AND(ISNUMBER(H21),H21<TODAY())),500,0)+IF(ISNUMBER(D21),MIN(D21,9999)/10000,0)-ROW()/1000000)
A22: R18 | N22: =IF(B22="","",5-COUNTBLANK(E22:G22)-COUNTBLANK(J22:K22)) | O22: =IF(B22="","",IF(N22<5,"Blank found",IF(AND(ISNUMBER(M22),ISNUMBER(L22),M22>L22),"Exceptions rising",IF(OR(H22="",AND(ISNUMBER(H22),H22<TODAY())),"Validation overdue","Governed")))) | P22: =IF(S22="","",RANK(S22,$S$5:$S$54,0)) | Q22: =IF(B22="","",IF(E22="","Name who defined this rule.",IF(F22="","Name who decides where it applies.",IF(G22="","Name a validator and a validation date.",IF(J22="","Name who watches for changes.",IF(K22="","Name the owner of consequences.",IF(AND(ISNUMBER(M22),ISNUMBER(L22),M22>L22),"Move it to the front of the validation queue.",IF(OR(H22="",AND(ISNUMBER(H22),H22<TODAY())),"Validate it now and set the next date.","Governed. Validate on the next date."))))))) | S22: =IF(OR(B22="",O22="Governed"),"",(5-N22)*1000+IF(AND(ISNUMBER(M22),ISNUMBER(L22),M22>L22),1500,0)+IF(OR(H22="",AND(ISNUMBER(H22),H22<TODAY())),500,0)+IF(ISNUMBER(D22),MIN(D22,9999)/10000,0)-ROW()/1000000)
A23: R19 | N23: =IF(B23="","",5-COUNTBLANK(E23:G23)-COUNTBLANK(J23:K23)) | O23: =IF(B23="","",IF(N23<5,"Blank found",IF(AND(ISNUMBER(M23),ISNUMBER(L23),M23>L23),"Exceptions rising",IF(OR(H23="",AND(ISNUMBER(H23),H23<TODAY())),"Validation overdue","Governed")))) | P23: =IF(S23="","",RANK(S23,$S$5:$S$54,0)) | Q23: =IF(B23="","",IF(E23="","Name who defined this rule.",IF(F23="","Name who decides where it applies.",IF(G23="","Name a validator and a validation date.",IF(J23="","Name who watches for changes.",IF(K23="","Name the owner of consequences.",IF(AND(ISNUMBER(M23),ISNUMBER(L23),M23>L23),"Move it to the front of the validation queue.",IF(OR(H23="",AND(ISNUMBER(H23),H23<TODAY())),"Validate it now and set the next date.","Governed. Validate on the next date."))))))) | S23: =IF(OR(B23="",O23="Governed"),"",(5-N23)*1000+IF(AND(ISNUMBER(M23),ISNUMBER(L23),M23>L23),1500,0)+IF(OR(H23="",AND(ISNUMBER(H23),H23<TODAY())),500,0)+IF(ISNUMBER(D23),MIN(D23,9999)/10000,0)-ROW()/1000000)
A24: R20 | N24: =IF(B24="","",5-COUNTBLANK(E24:G24)-COUNTBLANK(J24:K24)) | O24: =IF(B24="","",IF(N24<5,"Blank found",IF(AND(ISNUMBER(M24),ISNUMBER(L24),M24>L24),"Exceptions rising",IF(OR(H24="",AND(ISNUMBER(H24),H24<TODAY())),"Validation overdue","Governed")))) | P24: =IF(S24="","",RANK(S24,$S$5:$S$54,0)) | Q24: =IF(B24="","",IF(E24="","Name who defined this rule.",IF(F24="","Name who decides where it applies.",IF(G24="","Name a validator and a validation date.",IF(J24="","Name who watches for changes.",IF(K24="","Name the owner of consequences.",IF(AND(ISNUMBER(M24),ISNUMBER(L24),M24>L24),"Move it to the front of the validation queue.",IF(OR(H24="",AND(ISNUMBER(H24),H24<TODAY())),"Validate it now and set the next date.","Governed. Validate on the next date."))))))) | S24: =IF(OR(B24="",O24="Governed"),"",(5-N24)*1000+IF(AND(ISNUMBER(M24),ISNUMBER(L24),M24>L24),1500,0)+IF(OR(H24="",AND(ISNUMBER(H24),H24<TODAY())),500,0)+IF(ISNUMBER(D24),MIN(D24,9999)/10000,0)-ROW()/1000000)
A25: R21 | N25: =IF(B25="","",5-COUNTBLANK(E25:G25)-COUNTBLANK(J25:K25)) | O25: =IF(B25="","",IF(N25<5,"Blank found",IF(AND(ISNUMBER(M25),ISNUMBER(L25),M25>L25),"Exceptions rising",IF(OR(H25="",AND(ISNUMBER(H25),H25<TODAY())),"Validation overdue","Governed")))) | P25: =IF(S25="","",RANK(S25,$S$5:$S$54,0)) | Q25: =IF(B25="","",IF(E25="","Name who defined this rule.",IF(F25="","Name who decides where it applies.",IF(G25="","Name a validator and a validation date.",IF(J25="","Name who watches for changes.",IF(K25="","Name the owner of consequences.",IF(AND(ISNUMBER(M25),ISNUMBER(L25),M25>L25),"Move it to the front of the validation queue.",IF(OR(H25="",AND(ISNUMBER(H25),H25<TODAY())),"Validate it now and set the next date.","Governed. Validate on the next date."))))))) | S25: =IF(OR(B25="",O25="Governed"),"",(5-N25)*1000+IF(AND(ISNUMBER(M25),ISNUMBER(L25),M25>L25),1500,0)+IF(OR(H25="",AND(ISNUMBER(H25),H25<TODAY())),500,0)+IF(ISNUMBER(D25),MIN(D25,9999)/10000,0)-ROW()/1000000)
A26: R22 | N26: =IF(B26="","",5-COUNTBLANK(E26:G26)-COUNTBLANK(J26:K26)) | O26: =IF(B26="","",IF(N26<5,"Blank found",IF(AND(ISNUMBER(M26),ISNUMBER(L26),M26>L26),"Exceptions rising",IF(OR(H26="",AND(ISNUMBER(H26),H26<TODAY())),"Validation overdue","Governed")))) | P26: =IF(S26="","",RANK(S26,$S$5:$S$54,0)) | Q26: =IF(B26="","",IF(E26="","Name who defined this rule.",IF(F26="","Name who decides where it applies.",IF(G26="","Name a validator and a validation date.",IF(J26="","Name who watches for changes.",IF(K26="","Name the owner of consequences.",IF(AND(ISNUMBER(M26),ISNUMBER(L26),M26>L26),"Move it to the front of the validation queue.",IF(OR(H26="",AND(ISNUMBER(H26),H26<TODAY())),"Validate it now and set the next date.","Governed. Validate on the next date."))))))) | S26: =IF(OR(B26="",O26="Governed"),"",(5-N26)*1000+IF(AND(ISNUMBER(M26),ISNUMBER(L26),M26>L26),1500,0)+IF(OR(H26="",AND(ISNUMBER(H26),H26<TODAY())),500,0)+IF(ISNUMBER(D26),MIN(D26,9999)/10000,0)-ROW()/1000000)
... A54: R50 | N54: =IF(B54="","",5-COUNTBLANK(E54:G54)-COUNTBLANK(J54:K54)) | O54: =IF(B54="","",IF(N54<5,"Blank found",IF(AND(ISNUMBER(M54),ISNUMBER(L54),M54>L54),"Exceptions rising",IF(OR(H54="",AND(ISNUMBER(H54),H54<TODAY())),"Validation overdue","Governed")))) | P54: =IF(S54="","",RANK(S54,$S$5:$S$54,0)) | Q54: =IF(B54="","",IF(E54="","Name who defined this rule.",IF(F54="","Name who decides where it applies.",IF(G54="","Name a validator and a validation date.",IF(J54="","Name who watches for changes.",IF(K54="","Name the owner of consequences.",IF(AND(ISNUMBER(M54),ISNUMBER(L54),M54>L54),"Move it to the front of the validation queue.",IF(OR(H54="",AND(ISNUMBER(H54),H54<TODAY())),"Validate it now and set the next date.","Governed. Validate on the next date."))))))) | S54: =IF(OR(B54="",O54="Governed"),"",(5-N54)*1000+IF(AND(ISNUMBER(M54),ISNUMBER(L54),M54>L54),1500,0)+IF(OR(H54="",AND(ISNUMBER(H54),H54<TODAY())),500,0)+IF(ISNUMBER(D54),MIN(D54,9999)/10000,0)-ROW()/1000000)

Sheet Summary
B1: Summary: Who Owns the Rules That Move Money?
B2: HOW TO USE THIS TAB: Nothing to type here. Everything calculates from the Register. Bring this page to your CFO.
B3: © 2026 Elizabeth A. Corey. All rights reserved. GROWTH Execution Model™. onthegrow.ai
B5: THE HEADLINE | C5: Value
B6: Rules registered | C6: =COUNTIF(Register!$B$5:$B$54,"?*")
B7: Fully governed (five names, current validation, steady exceptions) | C7: =COUNTIF(Register!$O$5:$O$54,"Governed")
B8: Rules with at least one blank owner | C8: =COUNTIFS(Register!$B$5:$B$54,"?*",Register!$N$5:$N$54,"<5")
B9: Validations overdue or never scheduled | C9: =SUMPRODUCT((Register!$B$5:$B$54<>"")*((Register!$H$5:$H$54="")+(Register!$H$5:$H$54<TODAY())>0))
B10: Rules with rising exceptions | C10: =SUMPRODUCT((Register!$B$5:$B$54<>"")*(Register!$M$5:$M$54>Register!$L$5:$L$54))
B11: Employees affected by rules that are not governed (added across rules, so one person can count twice) | C11: =SUMIFS(Register!$D$5:$D$54,Register!$B$5:$B$54,"?*",Register!$O$5:$O$54,"<>Governed")
B13: WHICH OWNERSHIP QUESTION IS BLANK MOST | C13: Rules blank | D13: Share of rules
B14: 1. Defined by | C14: =COUNTIFS(Register!$B$5:$B$54,"?*",Register!$E$5:$E$54,"") | D14: =IF($C$6=0,0,C14/$C$6)
B15: 2. Applicability decided by | C15: =COUNTIFS(Register!$B$5:$B$54,"?*",Register!$F$5:$F$54,"") | D15: =IF($C$6=0,0,C15/$C$6)
B16: 3. Validated by | C16: =COUNTIFS(Register!$B$5:$B$54,"?*",Register!$G$5:$G$54,"") | D16: =IF($C$6=0,0,C16/$C$6)
B17: 4. Watched by | C17: =COUNTIFS(Register!$B$5:$B$54,"?*",Register!$J$5:$J$54,"") | D17: =IF($C$6=0,0,C17/$C$6)
B18: 5. Owner of consequences | C18: =COUNTIFS(Register!$B$5:$B$54,"?*",Register!$K$5:$K$54,"") | D18: =IF($C$6=0,0,C18/$C$6)
B20: TOP 5 TO FIX FIRST | C20: Status | D20: Owner of consequences | E20: Next action
B21: =IFERROR(INDEX(Register!$B$5:$B$54,MATCH(1,Register!$P$5:$P$54,0))&"","") | C21: =IFERROR(INDEX(Register!$O$5:$O$54,MATCH(1,Register!$P$5:$P$54,0))&"","") | D21: =IFERROR(INDEX(Register!$K$5:$K$54,MATCH(1,Register!$P$5:$P$54,0))&"","") | E21: =IFERROR(INDEX(Register!$Q$5:$Q$54,MATCH(1,Register!$P$5:$P$54,0))&"","")
B22: =IFERROR(INDEX(Register!$B$5:$B$54,MATCH(2,Register!$P$5:$P$54,0))&"","") | C22: =IFERROR(INDEX(Register!$O$5:$O$54,MATCH(2,Register!$P$5:$P$54,0))&"","") | D22: =IFERROR(INDEX(Register!$K$5:$K$54,MATCH(2,Register!$P$5:$P$54,0))&"","") | E22: =IFERROR(INDEX(Register!$Q$5:$Q$54,MATCH(2,Register!$P$5:$P$54,0))&"","")
B23: =IFERROR(INDEX(Register!$B$5:$B$54,MATCH(3,Register!$P$5:$P$54,0))&"","") | C23: =IFERROR(INDEX(Register!$O$5:$O$54,MATCH(3,Register!$P$5:$P$54,0))&"","") | D23: =IFERROR(INDEX(Register!$K$5:$K$54,MATCH(3,Register!$P$5:$P$54,0))&"","") | E23: =IFERROR(INDEX(Register!$Q$5:$Q$54,MATCH(3,Register!$P$5:$P$54,0))&"","")
B24: =IFERROR(INDEX(Register!$B$5:$B$54,MATCH(4,Register!$P$5:$P$54,0))&"","") | C24: =IFERROR(INDEX(Register!$O$5:$O$54,MATCH(4,Register!$P$5:$P$54,0))&"","") | D24: =IFERROR(INDEX(Register!$K$5:$K$54,MATCH(4,Register!$P$5:$P$54,0))&"","") | E24: =IFERROR(INDEX(Register!$Q$5:$Q$54,MATCH(4,Register!$P$5:$P$54,0))&"","")
B25: =IFERROR(INDEX(Register!$B$5:$B$54,MATCH(5,Register!$P$5:$P$54,0))&"","") | C25: =IFERROR(INDEX(Register!$O$5:$O$54,MATCH(5,Register!$P$5:$P$54,0))&"","") | D25: =IFERROR(INDEX(Register!$K$5:$K$54,MATCH(5,Register!$P$5:$P$54,0))&"","") | E25: =IFERROR(INDEX(Register!$Q$5:$Q$54,MATCH(5,Register!$P$5:$P$54,0))&"","")
B27: Say it plainly: these are the rules moving money with nobody watching them. Then put a name and a date on every blank.
B30: © 2026 Elizabeth A. Corey. All rights reserved. GROWTH Execution Model™. onthegrow.ai
