Workbook

Sheet How to Use
B1: The Knowledge Readiness Test
B2: From AI Will Scale Good Leadership and Bad Leadership: The CHRO’s Method for Redesigning Work Before AI Scales What’s Broken, by Liz Corey | Toolbox No. 3 | OnTheGrow Leadership
B3: © 2026 Elizabeth A. Corey. All rights reserved. GROWTH Execution Model™. onthegrow.ai
B5: AI inherits your knowledge exactly as it stands: the outdated version, the contradiction, and the argument nobody settled. Score the answers to your most-asked questions on six tests before you let AI answer them.
B7: HOW THIS WORKBOOK IS SET UP
B8: Scorecard | C8: Your 20 most-asked questions, scored on six tests. The workbook adds up each score, sets the status, and ranks the repairs.
B9: Summary | C9: How ready your knowledge is, which test fails most, and your top five repairs.
B10: Example rows | C10: Twenty common HR questions are filled in so you can see a finished scorecard. Replace them with your own.
B11: Yellow cells | C11: Type in the yellow cells only. Every other cell is a formula.
B13: THE SIX TESTS
B14: 1. Written | C14: Is it written down? If the real answer lives in someone's head or an email thread, AI cannot inherit it.
B15: 2. Current | C15: Has it been reviewed against what the company actually does today? A document nobody has touched since the last reorganization is a fabrication waiting to be distributed.
B16: 3. Singular | C16: One question, one answer, one place. If two documents disagree, the machine does not decide which is right. It picks.
B17: 4. Findable | C17: Is it titled and stored where a system can retrieve it, not buried on slide forty of an old onboarding deck?
B18: 5. Owned | C18: Is a named person accountable for keeping it true? Knowledge without an owner decays, and now it decays in production.
B19: 6. Permissioned | C19: Is it defined who may see this answer, and does the system know it? If a person could not open the document, their AI must not quote it.
B21: STEP BY STEP
B22: 1. List the questions | C22: List the 20 questions employees and managers ask most often. Frequency, not importance, drives the list. These are the questions AI will answer first.
B23: 2. Count how often | C23: Record how many times a month each question gets asked. Pull it from your HR inbox, help desk, or ticket system if you can.
B24: 3. Find every answer | C24: For each question, find every document that answers it: handbook, intranet, policy, email, slide deck. Note where they live and who can open them.
B25: 4. Score the six tests | C25: Answer Y or N for each test. One point per Y. The workbook scores it.
B26: 5. Assign owners | C26: Every question that is not ready gets a named owner and a repair date.
B27: 6. Repair in frequency order | C27: Fix the most-asked answers first, not one department at a time. Fixing the ten most-asked answers moves more risk than perfecting a whole archive.
B29: HOW IT SCORES
B30: 6 out of 6 | C30: Ready to ground. AI can safely answer from it.
B31: 4 or 5 | C31: Repair. Name an owner and a repair date.
B32: 3 or less | C32: Standing risk. Today it confuses people who work around it. Tomorrow it misinforms a machine that cannot.
B33: Permissioned = N | C33: Jumps the queue, whatever the score. An access gap leaks information the moment AI touches it.
B35: WANT IT DONE FASTER?
B36: Knowledge Readiness Auditor | C36: The AI-powered version reads your policies and handbooks, finds conflicting and outdated versions, and ranks repairs by how often employees ask. Call for pricing. Book a conversation at onthegrow.ai
B38: © 2026 Elizabeth A. Corey. All rights reserved. GROWTH Execution Model™. onthegrow.ai

Sheet Scorecard
A1: Knowledge Readiness Scorecard
A2: HOW TO USE THIS TAB: One row per question, most-asked first. Answer Y or N for each of the six tests in the yellow cells. Teal columns calculate the score, status, and repair priority. The HR rows are an example; replace them.
A3: © 2026 Elizabeth A. Corey. All rights reserved. GROWTH Execution Model™. onthegrow.ai
A4: Rank | B4: Question employees ask most | C4: Times asked per month | D4: Where the answer lives today | E4: Who can see it today | F4: Written? | G4: Current? | H4: Singular? | I4: Findable? | J4: Owned? | K4: Permissioned? | L4: Score (of 6) | M4: Status | N4: Repair priority | O4: Next action | P4: Owner | Q4: Repair date | R4: Notes | S4: key
A5: 1 | B5: How much PTO do I have left? | C5: 60 | D5: HRIS self-service | E5: All employees | F5: Y | G5: Y | H5: Y | I5: Y | J5: Y | K5: Y | L5: =IF(B5="","",IF(COUNTA(F5:K5)<6,"",COUNTIF(F5:K5,"Y"))) | M5: =IF(OR(B5="",L5=""),"",IF(L5=6,"Ready to ground",IF(L5>=4,"Repair","Standing risk"))) | N5: =IF(S5="","",RANK(S5,$S$5:$S$54,0)) | O5: =IF(B5="","",IF(L5="","Score all six tests.",IF(K5="N","Fix access first. Define who may see this before AI can use it.",IF(M5="Ready to ground","Ready. AI can answer from this source.",IF(P5="","Name an owner and a repair date.",IF(Q5="","Set a repair date.","Repair, then score it again.")))))) | S5: =IF(OR(L5="",M5="Ready to ground"),"",IF(K5="N",100000,0)+IF(ISNUMBER(C5),C5,0)+(6-L5)/10)
A6: 2 | B6: How do I request time off? | C6: 45 | D6: Handbook; intranet page | E6: All employees | F6: Y | G6: N | H6: N | I6: Y | J6: Y | K6: Y | L6: =IF(B6="","",IF(COUNTA(F6:K6)<6,"",COUNTIF(F6:K6,"Y"))) | M6: =IF(OR(B6="",L6=""),"",IF(L6=6,"Ready to ground",IF(L6>=4,"Repair","Standing risk"))) | N6: =IF(S6="","",RANK(S6,$S$5:$S$54,0)) | O6: =IF(B6="","",IF(L6="","Score all six tests.",IF(K6="N","Fix access first. Define who may see this before AI can use it.",IF(M6="Ready to ground","Ready. AI can answer from this source.",IF(P6="","Name an owner and a repair date.",IF(Q6="","Set a repair date.","Repair, then score it again.")))))) | P6: HR operations manager | Q6: 46357 | S6: =IF(OR(L6="",M6="Ready to ground"),"",IF(K6="N",100000,0)+IF(ISNUMBER(C6),C6,0)+(6-L6)/10)
A7: 3 | B7: When does open enrollment start and end? | C7: 40 | D7: Benefits guide; email announcement | E7: All employees | F7: Y | G7: Y | H7: N | I7: Y | J7: Y | K7: Y | L7: =IF(B7="","",IF(COUNTA(F7:K7)<6,"",COUNTIF(F7:K7,"Y"))) | M7: =IF(OR(B7="",L7=""),"",IF(L7=6,"Ready to ground",IF(L7>=4,"Repair","Standing risk"))) | N7: =IF(S7="","",RANK(S7,$S$5:$S$54,0)) | O7: =IF(B7="","",IF(L7="","Score all six tests.",IF(K7="N","Fix access first. Define who may see this before AI can use it.",IF(M7="Ready to ground","Ready. AI can answer from this source.",IF(P7="","Name an owner and a repair date.",IF(Q7="","Set a repair date.","Repair, then score it again.")))))) | P7: Benefits manager | Q7: 46357 | R7: Two sources agree today. Make the benefits guide the one source and retire the email. | S7: =IF(OR(L7="",M7="Ready to ground"),"",IF(K7="N",100000,0)+IF(ISNUMBER(C7),C7,0)+(6-L7)/10)
A8: 4 | B8: How do I add a dependent after a life event? | C8: 30 | D8: Benefits guide | E8: All employees | F8: Y | G8: Y | H8: Y | I8: N | J8: Y | K8: Y | L8: =IF(B8="","",IF(COUNTA(F8:K8)<6,"",COUNTIF(F8:K8,"Y"))) | M8: =IF(OR(B8="",L8=""),"",IF(L8=6,"Ready to ground",IF(L8>=4,"Repair","Standing risk"))) | N8: =IF(S8="","",RANK(S8,$S$5:$S$54,0)) | O8: =IF(B8="","",IF(L8="","Score all six tests.",IF(K8="N","Fix access first. Define who may see this before AI can use it.",IF(M8="Ready to ground","Ready. AI can answer from this source.",IF(P8="","Name an owner and a repair date.",IF(Q8="","Set a repair date.","Repair, then score it again.")))))) | P8: Benefits manager | Q8: 46357 | S8: =IF(OR(L8="",M8="Ready to ground"),"",IF(K8="N",100000,0)+IF(ISNUMBER(C8),C8,0)+(6-L8)/10)
A9: 5 | B9: What is the short-term disability policy? | C9: 25 | D9: Handbook, intranet page, and a forwarded PDF (three versions) | E9: All employees | F9: Y | G9: N | H9: N | I9: N | J9: N | K9: Y | L9: =IF(B9="","",IF(COUNTA(F9:K9)<6,"",COUNTIF(F9:K9,"Y"))) | M9: =IF(OR(B9="",L9=""),"",IF(L9=6,"Ready to ground",IF(L9>=4,"Repair","Standing risk"))) | N9: =IF(S9="","",RANK(S9,$S$5:$S$54,0)) | O9: =IF(B9="","",IF(L9="","Score all six tests.",IF(K9="N","Fix access first. Define who may see this before AI can use it.",IF(M9="Ready to ground","Ready. AI can answer from this source.",IF(P9="","Name an owner and a repair date.",IF(Q9="","Set a repair date.","Repair, then score it again.")))))) | P9: Benefits manager | Q9: 46357 | R9: The policy exists in three versions. One is right. Nothing in the documents says which. | S9: =IF(OR(L9="",M9="Ready to ground"),"",IF(K9="N",100000,0)+IF(ISNUMBER(C9),C9,0)+(6-L9)/10)
A10: 6 | B10: How does parental leave work? | C10: 22 | D10: Handbook; benefits guide | E10: All employees | F10: Y | G10: N | H10: N | I10: Y | J10: Y | K10: Y | L10: =IF(B10="","",IF(COUNTA(F10:K10)<6,"",COUNTIF(F10:K10,"Y"))) | M10: =IF(OR(B10="",L10=""),"",IF(L10=6,"Ready to ground",IF(L10>=4,"Repair","Standing risk"))) | N10: =IF(S10="","",RANK(S10,$S$5:$S$54,0)) | O10: =IF(B10="","",IF(L10="","Score all six tests.",IF(K10="N","Fix access first. Define who may see this before AI can use it.",IF(M10="Ready to ground","Ready. AI can answer from this source.",IF(P10="","Name an owner and a repair date.",IF(Q10="","Set a repair date.","Repair, then score it again.")))))) | P10: Benefits manager | Q10: 46357 | S10: =IF(OR(L10="",M10="Ready to ground"),"",IF(K10="N",100000,0)+IF(ISNUMBER(C10),C10,0)+(6-L10)/10)
A11: 7 | B11: Where do I find my pay stub? | C11: 20 | D11: Payroll portal FAQ | E11: All employees | F11: Y | G11: Y | H11: Y | I11: Y | J11: Y | K11: Y | L11: =IF(B11="","",IF(COUNTA(F11:K11)<6,"",COUNTIF(F11:K11,"Y"))) | M11: =IF(OR(B11="",L11=""),"",IF(L11=6,"Ready to ground",IF(L11>=4,"Repair","Standing risk"))) | N11: =IF(S11="","",RANK(S11,$S$5:$S$54,0)) | O11: =IF(B11="","",IF(L11="","Score all six tests.",IF(K11="N","Fix access first. Define who may see this before AI can use it.",IF(M11="Ready to ground","Ready. AI can answer from this source.",IF(P11="","Name an owner and a repair date.",IF(Q11="","Set a repair date.","Repair, then score it again.")))))) | S11: =IF(OR(L11="",M11="Ready to ground"),"",IF(K11="N",100000,0)+IF(ISNUMBER(C11),C11,0)+(6-L11)/10)
A12: 8 | B12: How do I update my direct deposit? | C12: 18 | D12: Payroll portal FAQ | E12: All employees | F12: Y | G12: Y | H12: Y | I12: Y | J12: Y | K12: Y | L12: =IF(B12="","",IF(COUNTA(F12:K12)<6,"",COUNTIF(F12:K12,"Y"))) | M12: =IF(OR(B12="",L12=""),"",IF(L12=6,"Ready to ground",IF(L12>=4,"Repair","Standing risk"))) | N12: =IF(S12="","",RANK(S12,$S$5:$S$54,0)) | O12: =IF(B12="","",IF(L12="","Score all six tests.",IF(K12="N","Fix access first. Define who may see this before AI can use it.",IF(M12="Ready to ground","Ready. AI can answer from this source.",IF(P12="","Name an owner and a repair date.",IF(Q12="","Set a repair date.","Repair, then score it again.")))))) | S12: =IF(OR(L12="",M12="Ready to ground"),"",IF(K12="N",100000,0)+IF(ISNUMBER(C12),C12,0)+(6-L12)/10)
A13: 9 | B13: Which holidays does the company observe? | C13: 16 | D13: Intranet calendar | E13: All employees | F13: Y | G13: Y | H13: Y | I13: Y | J13: Y | K13: Y | L13: =IF(B13="","",IF(COUNTA(F13:K13)<6,"",COUNTIF(F13:K13,"Y"))) | M13: =IF(OR(B13="",L13=""),"",IF(L13=6,"Ready to ground",IF(L13>=4,"Repair","Standing risk"))) | N13: =IF(S13="","",RANK(S13,$S$5:$S$54,0)) | O13: =IF(B13="","",IF(L13="","Score all six tests.",IF(K13="N","Fix access first. Define who may see this before AI can use it.",IF(M13="Ready to ground","Ready. AI can answer from this source.",IF(P13="","Name an owner and a repair date.",IF(Q13="","Set a repair date.","Repair, then score it again.")))))) | S13: =IF(OR(L13="",M13="Ready to ground"),"",IF(K13="N",100000,0)+IF(ISNUMBER(C13),C13,0)+(6-L13)/10)
A14: 10 | B14: What is the remote work policy? | C14: 15 | D14: Manager emails; draft policy | E14: Managers only | F14: N | G14: N | H14: N | I14: N | J14: N | K14: N | L14: =IF(B14="","",IF(COUNTA(F14:K14)<6,"",COUNTIF(F14:K14,"Y"))) | M14: =IF(OR(B14="",L14=""),"",IF(L14=6,"Ready to ground",IF(L14>=4,"Repair","Standing risk"))) | N14: =IF(S14="","",RANK(S14,$S$5:$S$54,0)) | O14: =IF(B14="","",IF(L14="","Score all six tests.",IF(K14="N","Fix access first. Define who may see this before AI can use it.",IF(M14="Ready to ground","Ready. AI can answer from this source.",IF(P14="","Name an owner and a repair date.",IF(Q14="","Set a repair date.","Repair, then score it again.")))))) | P14: HR operations manager | Q14: 46341 | S14: =IF(OR(L14="",M14="Ready to ground"),"",IF(K14="N",100000,0)+IF(ISNUMBER(C14),C14,0)+(6-L14)/10)
A15: 11 | B15: How is overtime calculated? | C15: 14 | D15: Payroll configuration; handbook | E15: Payroll team | F15: Y | G15: N | H15: N | I15: N | J15: Y | K15: Y | L15: =IF(B15="","",IF(COUNTA(F15:K15)<6,"",COUNTIF(F15:K15,"Y"))) | M15: =IF(OR(B15="",L15=""),"",IF(L15=6,"Ready to ground",IF(L15>=4,"Repair","Standing risk"))) | N15: =IF(S15="","",RANK(S15,$S$5:$S$54,0)) | O15: =IF(B15="","",IF(L15="","Score all six tests.",IF(K15="N","Fix access first. Define who may see this before AI can use it.",IF(M15="Ready to ground","Ready. AI can answer from this source.",IF(P15="","Name an owner and a repair date.",IF(Q15="","Set a repair date.","Repair, then score it again.")))))) | P15: Compensation manager | Q15: 46402 | S15: =IF(OR(L15="",M15="Ready to ground"),"",IF(K15="N",100000,0)+IF(ISNUMBER(C15),C15,0)+(6-L15)/10)
A16: 12 | B16: How do I submit an expense? | C16: 13 | D16: Finance intranet page | E16: All employees | F16: Y | G16: Y | H16: Y | I16: Y | J16: Y | K16: Y | L16: =IF(B16="","",IF(COUNTA(F16:K16)<6,"",COUNTIF(F16:K16,"Y"))) | M16: =IF(OR(B16="",L16=""),"",IF(L16=6,"Ready to ground",IF(L16>=4,"Repair","Standing risk"))) | N16: =IF(S16="","",RANK(S16,$S$5:$S$54,0)) | O16: =IF(B16="","",IF(L16="","Score all six tests.",IF(K16="N","Fix access first. Define who may see this before AI can use it.",IF(M16="Ready to ground","Ready. AI can answer from this source.",IF(P16="","Name an owner and a repair date.",IF(Q16="","Set a repair date.","Repair, then score it again.")))))) | S16: =IF(OR(L16="",M16="Ready to ground"),"",IF(K16="N",100000,0)+IF(ISNUMBER(C16),C16,0)+(6-L16)/10)
A17: 13 | B17: What is the bereavement leave policy? | C17: 10 | D17: Handbook | E17: All employees | F17: Y | G17: Y | H17: Y | I17: N | J17: Y | K17: Y | L17: =IF(B17="","",IF(COUNTA(F17:K17)<6,"",COUNTIF(F17:K17,"Y"))) | M17: =IF(OR(B17="",L17=""),"",IF(L17=6,"Ready to ground",IF(L17>=4,"Repair","Standing risk"))) | N17: =IF(S17="","",RANK(S17,$S$5:$S$54,0)) | O17: =IF(B17="","",IF(L17="","Score all six tests.",IF(K17="N","Fix access first. Define who may see this before AI can use it.",IF(M17="Ready to ground","Ready. AI can answer from this source.",IF(P17="","Name an owner and a repair date.",IF(Q17="","Set a repair date.","Repair, then score it again.")))))) | P17: Benefits manager | Q17: 46402 | S17: =IF(OR(L17="",M17="Ready to ground"),"",IF(K17="N",100000,0)+IF(ISNUMBER(C17),C17,0)+(6-L17)/10)
A18: 14 | B18: How do I request a reasonable accommodation? | C18: 9 | D18: Handbook; HR shared drive form | E18: HR shared drive (open to all) | F18: Y | G18: Y | H18: Y | I18: N | J18: Y | K18: N | L18: =IF(B18="","",IF(COUNTA(F18:K18)<6,"",COUNTIF(F18:K18,"Y"))) | M18: =IF(OR(B18="",L18=""),"",IF(L18=6,"Ready to ground",IF(L18>=4,"Repair","Standing risk"))) | N18: =IF(S18="","",RANK(S18,$S$5:$S$54,0)) | O18: =IF(B18="","",IF(L18="","Score all six tests.",IF(K18="N","Fix access first. Define who may see this before AI can use it.",IF(M18="Ready to ground","Ready. AI can answer from this source.",IF(P18="","Name an owner and a repair date.",IF(Q18="","Set a repair date.","Repair, then score it again.")))))) | P18: HR operations manager | Q18: 46341 | S18: =IF(OR(L18="",M18="Ready to ground"),"",IF(K18="N",100000,0)+IF(ISNUMBER(C18),C18,0)+(6-L18)/10)
A19: 15 | B19: What is the pay range for my role? | C19: 9 | D19: Compensation spreadsheet | E19: Comp team; shared link circulating | F19: Y | G19: N | H19: Y | I19: N | J19: Y | K19: N | L19: =IF(B19="","",IF(COUNTA(F19:K19)<6,"",COUNTIF(F19:K19,"Y"))) | M19: =IF(OR(B19="",L19=""),"",IF(L19=6,"Ready to ground",IF(L19>=4,"Repair","Standing risk"))) | N19: =IF(S19="","",RANK(S19,$S$5:$S$54,0)) | O19: =IF(B19="","",IF(L19="","Score all six tests.",IF(K19="N","Fix access first. Define who may see this before AI can use it.",IF(M19="Ready to ground","Ready. AI can answer from this source.",IF(P19="","Name an owner and a repair date.",IF(Q19="","Set a repair date.","Repair, then score it again.")))))) | P19: Compensation manager | Q19: 46341 | S19: =IF(OR(L19="",M19="Ready to ground"),"",IF(K19="N",100000,0)+IF(ISNUMBER(C19),C19,0)+(6-L19)/10)
A20: 16 | B20: How does the performance review process work? | C20: 8 | D20: Slide deck from last year's kickoff | E20: All employees | F20: Y | G20: N | H20: Y | I20: N | J20: N | K20: Y | L20: =IF(B20="","",IF(COUNTA(F20:K20)<6,"",COUNTIF(F20:K20,"Y"))) | M20: =IF(OR(B20="",L20=""),"",IF(L20=6,"Ready to ground",IF(L20>=4,"Repair","Standing risk"))) | N20: =IF(S20="","",RANK(S20,$S$5:$S$54,0)) | O20: =IF(B20="","",IF(L20="","Score all six tests.",IF(K20="N","Fix access first. Define who may see this before AI can use it.",IF(M20="Ready to ground","Ready. AI can answer from this source.",IF(P20="","Name an owner and a repair date.",IF(Q20="","Set a repair date.","Repair, then score it again.")))))) | P20: HR operations manager | Q20: 46402 | S20: =IF(OR(L20="",M20="Ready to ground"),"",IF(K20="N",100000,0)+IF(ISNUMBER(C20),C20,0)+(6-L20)/10)
A21: 17 | B21: How do I refer a candidate, and what is the bonus? | C21: 7 | D21: Recruiting intranet page | E21: All employees | F21: Y | G21: Y | H21: Y | I21: Y | J21: N | K21: Y | L21: =IF(B21="","",IF(COUNTA(F21:K21)<6,"",COUNTIF(F21:K21,"Y"))) | M21: =IF(OR(B21="",L21=""),"",IF(L21=6,"Ready to ground",IF(L21>=4,"Repair","Standing risk"))) | N21: =IF(S21="","",RANK(S21,$S$5:$S$54,0)) | O21: =IF(B21="","",IF(L21="","Score all six tests.",IF(K21="N","Fix access first. Define who may see this before AI can use it.",IF(M21="Ready to ground","Ready. AI can answer from this source.",IF(P21="","Name an owner and a repair date.",IF(Q21="","Set a repair date.","Repair, then score it again.")))))) | P21: HR operations manager | Q21: 46433 | S21: =IF(OR(L21="",M21="Ready to ground"),"",IF(K21="N",100000,0)+IF(ISNUMBER(C21),C21,0)+(6-L21)/10)
A22: 18 | B22: What tuition reimbursement is available? | C22: 6 | D22: Handbook | E22: All employees | F22: Y | G22: N | H22: Y | I22: Y | J22: N | K22: Y | L22: =IF(B22="","",IF(COUNTA(F22:K22)<6,"",COUNTIF(F22:K22,"Y"))) | M22: =IF(OR(B22="",L22=""),"",IF(L22=6,"Ready to ground",IF(L22>=4,"Repair","Standing risk"))) | N22: =IF(S22="","",RANK(S22,$S$5:$S$54,0)) | O22: =IF(B22="","",IF(L22="","Score all six tests.",IF(K22="N","Fix access first. Define who may see this before AI can use it.",IF(M22="Ready to ground","Ready. AI can answer from this source.",IF(P22="","Name an owner and a repair date.",IF(Q22="","Set a repair date.","Repair, then score it again.")))))) | P22: Benefits manager | Q22: 46433 | S22: =IF(OR(L22="",M22="Ready to ground"),"",IF(K22="N",100000,0)+IF(ISNUMBER(C22),C22,0)+(6-L22)/10)
A23: 19 | B23: How do I report a concern confidentially? | C23: 5 | D23: Code of conduct; ethics hotline page | E23: All employees | F23: Y | G23: Y | H23: Y | I23: Y | J23: Y | K23: Y | L23: =IF(B23="","",IF(COUNTA(F23:K23)<6,"",COUNTIF(F23:K23,"Y"))) | M23: =IF(OR(B23="",L23=""),"",IF(L23=6,"Ready to ground",IF(L23>=4,"Repair","Standing risk"))) | N23: =IF(S23="","",RANK(S23,$S$5:$S$54,0)) | O23: =IF(B23="","",IF(L23="","Score all six tests.",IF(K23="N","Fix access first. Define who may see this before AI can use it.",IF(M23="Ready to ground","Ready. AI can answer from this source.",IF(P23="","Name an owner and a repair date.",IF(Q23="","Set a repair date.","Repair, then score it again.")))))) | S23: =IF(OR(L23="",M23="Ready to ground"),"",IF(K23="N",100000,0)+IF(ISNUMBER(C23),C23,0)+(6-L23)/10)
A24: 20 | B24: How do I change my benefits outside open enrollment? | C24: 5 | D24: Benefits guide | E24: All employees | F24: Y | G24: Y | H24: Y | I24: N | J24: Y | K24: Y | L24: =IF(B24="","",IF(COUNTA(F24:K24)<6,"",COUNTIF(F24:K24,"Y"))) | M24: =IF(OR(B24="",L24=""),"",IF(L24=6,"Ready to ground",IF(L24>=4,"Repair","Standing risk"))) | N24: =IF(S24="","",RANK(S24,$S$5:$S$54,0)) | O24: =IF(B24="","",IF(L24="","Score all six tests.",IF(K24="N","Fix access first. Define who may see this before AI can use it.",IF(M24="Ready to ground","Ready. AI can answer from this source.",IF(P24="","Name an owner and a repair date.",IF(Q24="","Set a repair date.","Repair, then score it again.")))))) | P24: Benefits manager | Q24: 46433 | S24: =IF(OR(L24="",M24="Ready to ground"),"",IF(K24="N",100000,0)+IF(ISNUMBER(C24),C24,0)+(6-L24)/10)
L25: =IF(B25="","",IF(COUNTA(F25:K25)<6,"",COUNTIF(F25:K25,"Y"))) | M25: =IF(OR(B25="",L25=""),"",IF(L25=6,"Ready to ground",IF(L25>=4,"Repair","Standing risk"))) | N25: =IF(S25="","",RANK(S25,$S$5:$S$54,0)) | O25: =IF(B25="","",IF(L25="","Score all six tests.",IF(K25="N","Fix access first. Define who may see this before AI can use it.",IF(M25="Ready to ground","Ready. AI can answer from this source.",IF(P25="","Name an owner and a repair date.",IF(Q25="","Set a repair date.","Repair, then score it again.")))))) | S25: =IF(OR(L25="",M25="Ready to ground"),"",IF(K25="N",100000,0)+IF(ISNUMBER(C25),C25,0)+(6-L25)/10)
L26: =IF(B26="","",IF(COUNTA(F26:K26)<6,"",COUNTIF(F26:K26,"Y"))) | M26: =IF(OR(B26="",L26=""),"",IF(L26=6,"Ready to ground",IF(L26>=4,"Repair","Standing risk"))) | N26: =IF(S26="","",RANK(S26,$S$5:$S$54,0)) | O26: =IF(B26="","",IF(L26="","Score all six tests.",IF(K26="N","Fix access first. Define who may see this before AI can use it.",IF(M26="Ready to ground","Ready. AI can answer from this source.",IF(P26="","Name an owner and a repair date.",IF(Q26="","Set a repair date.","Repair, then score it again.")))))) | S26: =IF(OR(L26="",M26="Ready to ground"),"",IF(K26="N",100000,0)+IF(ISNUMBER(C26),C26,0)+(6-L26)/10)
L27: =IF(B27="","",IF(COUNTA(F27:K27)<6,"",COUNTIF(F27:K27,"Y"))) | M27: =IF(OR(B27="",L27=""),"",IF(L27=6,"Ready to ground",IF(L27>=4,"Repair","Standing risk"))) | N27: =IF(S27="","",RANK(S27,$S$5:$S$54,0)) | O27: =IF(B27="","",IF(L27="","Score all six tests.",IF(K27="N","Fix access first. Define who may see this before AI can use it.",IF(M27="Ready to ground","Ready. AI can answer from this source.",IF(P27="","Name an owner and a repair date.",IF(Q27="","Set a repair date.","Repair, then score it again.")))))) | S27: =IF(OR(L27="",M27="Ready to ground"),"",IF(K27="N",100000,0)+IF(ISNUMBER(C27),C27,0)+(6-L27)/10)
L28: =IF(B28="","",IF(COUNTA(F28:K28)<6,"",COUNTIF(F28:K28,"Y"))) | M28: =IF(OR(B28="",L28=""),"",IF(L28=6,"Ready to ground",IF(L28>=4,"Repair","Standing risk"))) | N28: =IF(S28="","",RANK(S28,$S$5:$S$54,0)) | O28: =IF(B28="","",IF(L28="","Score all six tests.",IF(K28="N","Fix access first. Define who may see this before AI can use it.",IF(M28="Ready to ground","Ready. AI can answer from this source.",IF(P28="","Name an owner and a repair date.",IF(Q28="","Set a repair date.","Repair, then score it again.")))))) | S28: =IF(OR(L28="",M28="Ready to ground"),"",IF(K28="N",100000,0)+IF(ISNUMBER(C28),C28,0)+(6-L28)/10)
L29: =IF(B29="","",IF(COUNTA(F29:K29)<6,"",COUNTIF(F29:K29,"Y"))) | M29: =IF(OR(B29="",L29=""),"",IF(L29=6,"Ready to ground",IF(L29>=4,"Repair","Standing risk"))) | N29: =IF(S29="","",RANK(S29,$S$5:$S$54,0)) | O29: =IF(B29="","",IF(L29="","Score all six tests.",IF(K29="N","Fix access first. Define who may see this before AI can use it.",IF(M29="Ready to ground","Ready. AI can answer from this source.",IF(P29="","Name an owner and a repair date.",IF(Q29="","Set a repair date.","Repair, then score it again.")))))) | S29: =IF(OR(L29="",M29="Ready to ground"),"",IF(K29="N",100000,0)+IF(ISNUMBER(C29),C29,0)+(6-L29)/10)
L30: =IF(B30="","",IF(COUNTA(F30:K30)<6,"",COUNTIF(F30:K30,"Y"))) | M30: =IF(OR(B30="",L30=""),"",IF(L30=6,"Ready to ground",IF(L30>=4,"Repair","Standing risk"))) | N30: =IF(S30="","",RANK(S30,$S$5:$S$54,0)) | O30: =IF(B30="","",IF(L30="","Score all six tests.",IF(K30="N","Fix access first. Define who may see this before AI can use it.",IF(M30="Ready to ground","Ready. AI can answer from this source.",IF(P30="","Name an owner and a repair date.",IF(Q30="","Set a repair date.","Repair, then score it again.")))))) | S30: =IF(OR(L30="",M30="Ready to ground"),"",IF(K30="N",100000,0)+IF(ISNUMBER(C30),C30,0)+(6-L30)/10)
L31: =IF(B31="","",IF(COUNTA(F31:K31)<6,"",COUNTIF(F31:K31,"Y"))) | M31: =IF(OR(B31="",L31=""),"",IF(L31=6,"Ready to ground",IF(L31>=4,"Repair","Standing risk"))) | N31: =IF(S31="","",RANK(S31,$S$5:$S$54,0)) | O31: =IF(B31="","",IF(L31="","Score all six tests.",IF(K31="N","Fix access first. Define who may see this before AI can use it.",IF(M31="Ready to ground","Ready. AI can answer from this source.",IF(P31="","Name an owner and a repair date.",IF(Q31="","Set a repair date.","Repair, then score it again.")))))) | S31: =IF(OR(L31="",M31="Ready to ground"),"",IF(K31="N",100000,0)+IF(ISNUMBER(C31),C31,0)+(6-L31)/10)
L32: =IF(B32="","",IF(COUNTA(F32:K32)<6,"",COUNTIF(F32:K32,"Y"))) | M32: =IF(OR(B32="",L32=""),"",IF(L32=6,"Ready to ground",IF(L32>=4,"Repair","Standing risk"))) | N32: =IF(S32="","",RANK(S32,$S$5:$S$54,0)) | O32: =IF(B32="","",IF(L32="","Score all six tests.",IF(K32="N","Fix access first. Define who may see this before AI can use it.",IF(M32="Ready to ground","Ready. AI can answer from this source.",IF(P32="","Name an owner and a repair date.",IF(Q32="","Set a repair date.","Repair, then score it again.")))))) | S32: =IF(OR(L32="",M32="Ready to ground"),"",IF(K32="N",100000,0)+IF(ISNUMBER(C32),C32,0)+(6-L32)/10)
L33: =IF(B33="","",IF(COUNTA(F33:K33)<6,"",COUNTIF(F33:K33,"Y"))) | M33: =IF(OR(B33="",L33=""),"",IF(L33=6,"Ready to ground",IF(L33>=4,"Repair","Standing risk"))) | N33: =IF(S33="","",RANK(S33,$S$5:$S$54,0)) | O33: =IF(B33="","",IF(L33="","Score all six tests.",IF(K33="N","Fix access first. Define who may see this before AI can use it.",IF(M33="Ready to ground","Ready. AI can answer from this source.",IF(P33="","Name an owner and a repair date.",IF(Q33="","Set a repair date.","Repair, then score it again.")))))) | S33: =IF(OR(L33="",M33="Ready to ground"),"",IF(K33="N",100000,0)+IF(ISNUMBER(C33),C33,0)+(6-L33)/10)
L34: =IF(B34="","",IF(COUNTA(F34:K34)<6,"",COUNTIF(F34:K34,"Y"))) | M34: =IF(OR(B34="",L34=""),"",IF(L34=6,"Ready to ground",IF(L34>=4,"Repair","Standing risk"))) | N34: =IF(S34="","",RANK(S34,$S$5:$S$54,0)) | O34: =IF(B34="","",IF(L34="","Score all six tests.",IF(K34="N","Fix access first. Define who may see this before AI can use it.",IF(M34="Ready to ground","Ready. AI can answer from this source.",IF(P34="","Name an owner and a repair date.",IF(Q34="","Set a repair date.","Repair, then score it again.")))))) | S34: =IF(OR(L34="",M34="Ready to ground"),"",IF(K34="N",100000,0)+IF(ISNUMBER(C34),C34,0)+(6-L34)/10)
L35: =IF(B35="","",IF(COUNTA(F35:K35)<6,"",COUNTIF(F35:K35,"Y"))) | M35: =IF(OR(B35="",L35=""),"",IF(L35=6,"Ready to ground",IF(L35>=4,"Repair","Standing risk"))) | N35: =IF(S35="","",RANK(S35,$S$5:$S$54,0)) | O35: =IF(B35="","",IF(L35="","Score all six tests.",IF(K35="N","Fix access first. Define who may see this before AI can use it.",IF(M35="Ready to ground","Ready. AI can answer from this source.",IF(P35="","Name an owner and a repair date.",IF(Q35="","Set a repair date.","Repair, then score it again.")))))) | S35: =IF(OR(L35="",M35="Ready to ground"),"",IF(K35="N",100000,0)+IF(ISNUMBER(C35),C35,0)+(6-L35)/10)
L36: =IF(B36="","",IF(COUNTA(F36:K36)<6,"",COUNTIF(F36:K36,"Y"))) | M36: =IF(OR(B36="",L36=""),"",IF(L36=6,"Ready to ground",IF(L36>=4,"Repair","Standing risk"))) | N36: =IF(S36="","",RANK(S36,$S$5:$S$54,0)) | O36: =IF(B36="","",IF(L36="","Score all six tests.",IF(K36="N","Fix access first. Define who may see this before AI can use it.",IF(M36="Ready to ground","Ready. AI can answer from this source.",IF(P36="","Name an owner and a repair date.",IF(Q36="","Set a repair date.","Repair, then score it again.")))))) | S36: =IF(OR(L36="",M36="Ready to ground"),"",IF(K36="N",100000,0)+IF(ISNUMBER(C36),C36,0)+(6-L36)/10)
... L54: =IF(B54="","",IF(COUNTA(F54:K54)<6,"",COUNTIF(F54:K54,"Y"))) | M54: =IF(OR(B54="",L54=""),"",IF(L54=6,"Ready to ground",IF(L54>=4,"Repair","Standing risk"))) | N54: =IF(S54="","",RANK(S54,$S$5:$S$54,0)) | O54: =IF(B54="","",IF(L54="","Score all six tests.",IF(K54="N","Fix access first. Define who may see this before AI can use it.",IF(M54="Ready to ground","Ready. AI can answer from this source.",IF(P54="","Name an owner and a repair date.",IF(Q54="","Set a repair date.","Repair, then score it again.")))))) | S54: =IF(OR(L54="",M54="Ready to ground"),"",IF(K54="N",100000,0)+IF(ISNUMBER(C54),C54,0)+(6-L54)/10)

Sheet Summary
B1: Summary: Is Your Knowledge Ready for AI?
B2: HOW TO USE THIS TAB: Nothing to type here. Everything calculates from the Scorecard. Bring this page to your next leadership meeting: this is what AI will inherit from us today.
B3: © 2026 Elizabeth A. Corey. All rights reserved. GROWTH Execution Model™. onthegrow.ai
B5: THE HEADLINE | C5: Value
B6: Questions scored | C6: =COUNT(Scorecard!L5:L54)
B7: Ready to ground | C7: =COUNTIF(Scorecard!M5:M54,"Ready to ground")
B8: Share of monthly questions AI could answer safely today | C8: =IF(SUM(Scorecard!C5:C54)=0,0,SUMIF(Scorecard!M5:M54,"Ready to ground",Scorecard!C5:C54)/SUM(Scorecard!C5:C54))
B9: Need repair (score 4 or 5) | C9: =COUNTIF(Scorecard!M5:M54,"Repair")
B10: Standing risk (score 3 or less) | C10: =COUNTIF(Scorecard!M5:M54,"Standing risk")
B11: Access gaps (fix first) | C11: =COUNTIF(Scorecard!K5:K54,"N")
B13: WHICH TEST FAILS MOST | C13: Questions failing | D13: Share failing
B14: Written | C14: =COUNTIF(Scorecard!F5:F54,"N") | D14: =IF($C$6=0,0,C14/$C$6)
B15: Current | C15: =COUNTIF(Scorecard!G5:G54,"N") | D15: =IF($C$6=0,0,C15/$C$6)
B16: Singular | C16: =COUNTIF(Scorecard!H5:H54,"N") | D16: =IF($C$6=0,0,C16/$C$6)
B17: Findable | C17: =COUNTIF(Scorecard!I5:I54,"N") | D17: =IF($C$6=0,0,C17/$C$6)
B18: Owned | C18: =COUNTIF(Scorecard!J5:J54,"N") | D18: =IF($C$6=0,0,C18/$C$6)
B19: Permissioned | C19: =COUNTIF(Scorecard!K5:K54,"N") | D19: =IF($C$6=0,0,C19/$C$6)
B21: TOP 5 REPAIRS (most-asked first, access gaps on top) | C21: Status | D21: Owner | E21: Repair date
B22: =IFERROR(INDEX(Scorecard!$B$5:$B$54,MATCH(1,Scorecard!$N$5:$N$54,0)),"") | C22: =IFERROR(INDEX(Scorecard!$M$5:$M$54,MATCH(1,Scorecard!$N$5:$N$54,0)),"") | D22: =IFERROR(INDEX(Scorecard!$P$5:$P$54,MATCH(1,Scorecard!$N$5:$N$54,0))&"","") | E22: =IFERROR(IF(INDEX(Scorecard!$Q$5:$Q$54,MATCH(1,Scorecard!$N$5:$N$54,0))="","",INDEX(Scorecard!$Q$5:$Q$54,MATCH(1,Scorecard!$N$5:$N$54,0))),"")
B23: =IFERROR(INDEX(Scorecard!$B$5:$B$54,MATCH(2,Scorecard!$N$5:$N$54,0)),"") | C23: =IFERROR(INDEX(Scorecard!$M$5:$M$54,MATCH(2,Scorecard!$N$5:$N$54,0)),"") | D23: =IFERROR(INDEX(Scorecard!$P$5:$P$54,MATCH(2,Scorecard!$N$5:$N$54,0))&"","") | E23: =IFERROR(IF(INDEX(Scorecard!$Q$5:$Q$54,MATCH(2,Scorecard!$N$5:$N$54,0))="","",INDEX(Scorecard!$Q$5:$Q$54,MATCH(2,Scorecard!$N$5:$N$54,0))),"")
B24: =IFERROR(INDEX(Scorecard!$B$5:$B$54,MATCH(3,Scorecard!$N$5:$N$54,0)),"") | C24: =IFERROR(INDEX(Scorecard!$M$5:$M$54,MATCH(3,Scorecard!$N$5:$N$54,0)),"") | D24: =IFERROR(INDEX(Scorecard!$P$5:$P$54,MATCH(3,Scorecard!$N$5:$N$54,0))&"","") | E24: =IFERROR(IF(INDEX(Scorecard!$Q$5:$Q$54,MATCH(3,Scorecard!$N$5:$N$54,0))="","",INDEX(Scorecard!$Q$5:$Q$54,MATCH(3,Scorecard!$N$5:$N$54,0))),"")
B25: =IFERROR(INDEX(Scorecard!$B$5:$B$54,MATCH(4,Scorecard!$N$5:$N$54,0)),"") | C25: =IFERROR(INDEX(Scorecard!$M$5:$M$54,MATCH(4,Scorecard!$N$5:$N$54,0)),"") | D25: =IFERROR(INDEX(Scorecard!$P$5:$P$54,MATCH(4,Scorecard!$N$5:$N$54,0))&"","") | E25: =IFERROR(IF(INDEX(Scorecard!$Q$5:$Q$54,MATCH(4,Scorecard!$N$5:$N$54,0))="","",INDEX(Scorecard!$Q$5:$Q$54,MATCH(4,Scorecard!$N$5:$N$54,0))),"")
B26: =IFERROR(INDEX(Scorecard!$B$5:$B$54,MATCH(5,Scorecard!$N$5:$N$54,0)),"") | C26: =IFERROR(INDEX(Scorecard!$M$5:$M$54,MATCH(5,Scorecard!$N$5:$N$54,0)),"") | D26: =IFERROR(INDEX(Scorecard!$P$5:$P$54,MATCH(5,Scorecard!$N$5:$N$54,0))&"","") | E26: =IFERROR(IF(INDEX(Scorecard!$Q$5:$Q$54,MATCH(5,Scorecard!$N$5:$N$54,0))="","",INDEX(Scorecard!$Q$5:$Q$54,MATCH(5,Scorecard!$N$5:$N$54,0))),"")
B28: Say it plainly: this is what AI will inherit from us today. Then assign one owner and one repair date per failing answer.
B31: © 2026 Elizabeth A. Corey. All rights reserved. GROWTH Execution Model™. onthegrow.ai
