Workbook

Sheet How to Use
B1: The Work Taxonomy
B2: From AI Will Scale Good Leadership and Bad Leadership: The CHRO’s Method for Redesigning Work Before AI Scales What’s Broken, by Liz Corey | Toolbox No. 1 | OnTheGrow Leadership
B4: Map the work before you decide where AI belongs. One row per task. The workbook does the math and places each task in the Work Assignment Matrix.
B6: HOW THIS WORKBOOK IS SET UP
B7: Taxonomy | C7: Your task map. One row per task, built in four levels. Hours and cost calculate automatically.
B8: Work Assignment | C8: Answer nine yes or no questions per task. The workbook places each task in a box: Human, Assist, Automate, or Agent.
B9: Summary | C9: Hours and cost by process and by box, and how much time sits in work that should stop.
B10: Example rows | C10: Rows for recruiting are filled in so you can see a finished map. Replace them with your own tasks.
B11: Yellow cells | C11: Type in the yellow cells only. Every other cell is a formula.
B13: THE FOUR LEVELS
B14: L1 Function | C14: The business capability. Example: Human Resources
B15: L2 Process | C15: The value stream inside it. Example: Recruiting
B16: L3 Activity | C16: A group of related work. Example: Screen candidates
B17: L4 Task | C17: One unit of work you can assign. Example: Rank applicants against the performance profile
B19: STEP BY STEP
B20: 1. Pick one process | C20: Start with one high-volume process your function owns, such as recruiting, onboarding, or leave administration. Not the whole company.
B21: 2. Interview the people who do the work | C21: Ask what they actually did this week, not what the job description says. Use a conversation, not a blank form. A form asks people to summarize. A conversation lets them remember.
B22: 3. Fill in the Taxonomy tab | C22: One row per task. Record how often it happens and how long it takes. Keep the room on the task, not the name. People come back into the picture once the work is clear.
B23: 4. Verify with system data | C23: Pull volumes from your systems where they exist. Self-reported time is directionally useful and precisely wrong.
B24: 5. Ask whether it should exist | C24: Mark every task Keep, Simplify, or Cut. Cutting a task beats automating it, and it costs nothing.
B25: 6. Place each task | C25: On the Work Assignment tab, answer the five cost questions and the four checking questions. Any yes in a group moves the task to the harder rating.
B26: 7. Read the Summary | C26: See where the hours go, what it costs, and how much time sits in work that should stop. Bring that page to your next leadership meeting.
B28: THE RULES
B29: Unsure? | C29: Start in Assist. A task moves up only after its error pattern is known.
B30: Always Human | C30: Termination, discipline, medical information, and legal exposure stay Human, whatever the scores say.
B31: Landed in Human? | C31: Ask what would make it easier to check. Redesign the task, then score it again.
B32: No Agent without a job description | C32: Every Agent task needs a completed agent job description and a named owner.
B33: Owner and review date | C33: Every task gets one of each. Placements move as checking gets easier.
B35: WANT IT DONE FASTER?
B36: Work Taxonomy Agent | C36: The AI-powered version interviews your people, builds the map, and places every task. Call for pricing. Book a conversation at onthegrow.ai
B38: © 2026 Elizabeth A. Corey. All rights reserved. GROWTH Execution Model™.

Sheet Taxonomy
A1: Work Taxonomy: Task Map
A2: HOW TO USE THIS TAB: One row per task. Type only in the yellow cells; teal columns calculate. Fill in the four levels, how often the task happens, and how long it takes, then mark Keep, Simplify, or Cut. The recruiting rows are an example; replace them.
A3: © 2026 Elizabeth A. Corey. All rights reserved. GROWTH Execution Model™. onthegrow.ai
A4: ID | B4: L1 Function | C4: L2 Process | D4: L3 Activity | E4: L4 Task | F4: Who does it today | G4: Times per month | H4: Minutes each time | I4: How much it varies | J4: Hours per month | K4: Cost per month ($) | L4: Manual or repetitive? | M4: Creates a bottleneck? | N4: Standardized? | O4: Needs judgment, relationships, or context? | P4: Capability required | Q4: Value it creates | R4: Legally required? | S4: Should it exist? | T4: Notes
A5: T001 | B5: HR | C5: Recruiting | D5: Plan the hire | E5: Write the performance profile with the hiring manager | F5: Recruiter | G5: 4 | H5: 90 | I5: Medium | J5: =IF(OR(G5="",H5=""),"",G5*H5/60) | K5: =IF(J5="","",J5*Summary!$C$6) | L5: N | M5: N | N5: N | O5: Y | P5: Defining outcomes for the role | Q5: Clear standard every candidate is measured against | R5: N | S5: Keep
A6: T002 | B6: HR | C6: Recruiting | D6: Plan the hire | E6: Draft and post the job posting | F6: Recruiter | G6: 4 | H6: 60 | I6: Low | J6: =IF(OR(G6="",H6=""),"",G6*H6/60) | K6: =IF(J6="","",J6*Summary!$C$6) | L6: Y | M6: N | N6: Y | O6: N | P6: Writing to the performance profile | Q6: Attracts the right applicants | R6: N | S6: Keep
A7: T003 | B7: HR | C7: Recruiting | D7: Source candidates | E7: Search job boards and build a long list | F7: Sourcer | G7: 8 | H7: 120 | I7: Medium | J7: =IF(OR(G7="",H7=""),"",G7*H7/60) | K7: =IF(J7="","",J7*Summary!$C$6) | L7: Y | M7: Y | N7: N | O7: N | P7: Search and pattern matching | Q7: A pool to choose from | R7: N | S7: Keep
A8: T004 | B8: HR | C8: Recruiting | D8: Screen candidates | E8: Rank applicants against the performance profile | F8: Recruiter | G8: 300 | H8: 3 | I8: High | J8: =IF(OR(G8="",H8=""),"",G8*H8/60) | K8: =IF(J8="","",J8*Summary!$C$6) | L8: Y | M8: Y | N8: N | O8: Y | P8: Judgment against a written standard | Q8: A fair, fast shortlist | R8: N | S8: Keep
A9: T005 | B9: HR | C9: Recruiting | D9: Screen candidates | E9: Conduct phone screens | F9: Recruiter | G9: 40 | H9: 30 | I9: Medium | J9: =IF(OR(G9="",H9=""),"",G9*H9/60) | K9: =IF(J9="","",J9*Summary!$C$6) | L9: N | M9: N | N9: N | O9: Y | P9: Interviewing and listening | Q9: Real read on fit and motivation | R9: N | S9: Keep
A10: T006 | B10: HR | C10: Recruiting | D10: Screen candidates | E10: Enter candidate disposition in the applicant tracking system | F10: Recruiting coordinator | G10: 300 | H10: 1 | I10: Low | J10: =IF(OR(G10="",H10=""),"",G10*H10/60) | K10: =IF(J10="","",J10*Summary!$C$6) | L10: Y | M10: N | N10: Y | O10: N | P10: System entry | Q10: Clean records | R10: Y | S10: Keep
A11: T007 | B11: HR | C11: Recruiting | D11: Interview | E11: Schedule interviews across calendars, including reschedules | F11: Recruiting coordinator | G11: 60 | H11: 20 | I11: High | J11: =IF(OR(G11="",H11=""),"",G11*H11/60) | K11: =IF(J11="","",J11*Summary!$C$6) | L11: Y | M11: Y | N11: Y | O11: N | P11: Coordination | Q11: Interviews happen on time | R11: N | S11: Keep
A12: T008 | B12: HR | C12: Recruiting | D12: Interview | E12: Send interview confirmations and reminders | F12: Recruiting coordinator | G12: 60 | H12: 5 | I12: Low | J12: =IF(OR(G12="",H12=""),"",G12*H12/60) | K12: =IF(J12="","",J12*Summary!$C$6) | L12: Y | M12: N | N12: Y | O12: N | P12: System entry | Q12: Fewer no-shows | R12: N | S12: Keep
A13: T009 | B13: HR | C13: Recruiting | D13: Interview | E13: Collect and compile interviewer feedback | F13: Recruiter | G13: 20 | H13: 30 | I13: Medium | J13: =IF(OR(G13="",H13=""),"",G13*H13/60) | K13: =IF(J13="","",J13*Summary!$C$6) | L13: Y | M13: Y | N13: N | O13: N | P13: Summarizing against the scorecard | Q13: Evidence for the decision | R13: N | S13: Keep
A14: T010 | B14: HR | C14: Recruiting | D14: Interview | E14: Print interview packets for each panel | F14: Recruiting coordinator | G14: 20 | H14: 15 | I14: Low | J14: =IF(OR(G14="",H14=""),"",G14*H14/60) | K14: =IF(J14="","",J14*Summary!$C$6) | L14: Y | M14: N | N14: Y | O14: N | P14: Printing | Q14: None; the panel has the files digitally | R14: N | S14: Cut
A15: T011 | B15: HR | C15: Recruiting | D15: Close the hire | E15: Make the final hiring decision | F15: Hiring manager | G15: 4 | H15: 60 | I15: Medium | J15: =IF(OR(G15="",H15=""),"",G15*H15/60) | K15: =IF(J15="","",J15*Summary!$C$6) | L15: N | M15: N | N15: N | O15: Y | P15: Judgment and accountability | Q15: The right person in the seat | R15: N | S15: Keep
A16: T012 | B16: HR | C16: Recruiting | D16: Close the hire | E16: Prepare the offer letter from approved terms | F16: Recruiter | G16: 4 | H16: 30 | I16: Low | J16: =IF(OR(G16="",H16=""),"",G16*H16/60) | K16: =IF(J16="","",J16*Summary!$C$6) | L16: Y | M16: N | N16: Y | O16: N | P16: Accuracy with pay terms | Q16: A correct, timely offer | R16: Y | S16: Keep
J17: =IF(OR(G17="",H17=""),"",G17*H17/60) | K17: =IF(J17="","",J17*Summary!$C$6)
J18: =IF(OR(G18="",H18=""),"",G18*H18/60) | K18: =IF(J18="","",J18*Summary!$C$6)
J19: =IF(OR(G19="",H19=""),"",G19*H19/60) | K19: =IF(J19="","",J19*Summary!$C$6)
J20: =IF(OR(G20="",H20=""),"",G20*H20/60) | K20: =IF(J20="","",J20*Summary!$C$6)
J21: =IF(OR(G21="",H21=""),"",G21*H21/60) | K21: =IF(J21="","",J21*Summary!$C$6)
J22: =IF(OR(G22="",H22=""),"",G22*H22/60) | K22: =IF(J22="","",J22*Summary!$C$6)
J23: =IF(OR(G23="",H23=""),"",G23*H23/60) | K23: =IF(J23="","",J23*Summary!$C$6)
J24: =IF(OR(G24="",H24=""),"",G24*H24/60) | K24: =IF(J24="","",J24*Summary!$C$6)
J25: =IF(OR(G25="",H25=""),"",G25*H25/60) | K25: =IF(J25="","",J25*Summary!$C$6)
J26: =IF(OR(G26="",H26=""),"",G26*H26/60) | K26: =IF(J26="","",J26*Summary!$C$6)
J27: =IF(OR(G27="",H27=""),"",G27*H27/60) | K27: =IF(J27="","",J27*Summary!$C$6)
J28: =IF(OR(G28="",H28=""),"",G28*H28/60) | K28: =IF(J28="","",J28*Summary!$C$6)
... J204: =IF(OR(G204="",H204=""),"",G204*H204/60) | K204: =IF(J204="","",J204*Summary!$C$6)

Sheet Work Assignment
A1: Work Assignment Matrix
A2: HOW TO USE THIS TAB: Tasks flow in from the Taxonomy tab. Answer Y or N in every yellow cell. Any Y in the five cost questions means High. Any Y in the four checking questions means Hard. The workbook places the task and tells you the next action.
A3: © 2026 Elizabeth A. Corey. All rights reserved. GROWTH Execution Model™. onthegrow.ai
A4: ID | B4: Task | C4: Hours per month | D4: Should it exist? | E4: Bad case, named | F4: Financial: could a mistake cost money above what a leader can approve? | G4: Legal: could a mistake create legal or compliance exposure? | H4: People: could a mistake affect someone's job, pay, or career? | I4: Reversibility: would a mistake be hard to undo? | J4: Trust: would a mistake damage trust? | K4: COST IF WRONG | L4: Time: would checking take almost as long as doing it? | M4: Visibility: could a mistake go unnoticed? | N4: Steps: would you have to check every step? | O4: Standard: is there no clear standard to check against? | P4: HOW HARD TO CHECK | Q4: Always Human topic? (termination, discipline, medical, legal) | R4: BOX | S4: Agent job description done? | T4: Owner | U4: Review date | V4: Next action
A5: =IF(Taxonomy!A5="","",Taxonomy!A5) | B5: =IF(Taxonomy!E5="","",Taxonomy!E5) | C5: =IF(Taxonomy!J5="","",Taxonomy!J5) | D5: =IF(Taxonomy!S5="","",Taxonomy!S5) | E5: Getting the standard wrong means hiring against the wrong outcomes | F5: N | G5: Y | H5: Y | I5: N | J5: N | K5: =IF(OR(B5="",D5="Cut"),"",IF(COUNTA(F5:J5)<5,"Answer all 5",IF(COUNTIF(F5:J5,"Y")>0,"High","Low"))) | L5: N | M5: N | N5: N | O5: Y | P5: =IF(OR(B5="",D5="Cut"),"",IF(COUNTA(L5:O5)<4,"Answer all 4",IF(COUNTIF(L5:O5,"Y")>0,"Hard","Easy"))) | Q5: N | R5: =IF(B5="","",IF(D5="Cut","Cut",IF(Q5="Y","Human",IF(OR(K5="Answer all 5",P5="Answer all 4"),"Score it",IF(K5="High",IF(P5="Hard","Human","Assist"),IF(P5="Hard","Agent","Automate")))))) | T5: Recruiting manager | U5: 46402 | V5: =IF(B5="","",IF(R5="Cut","Stop doing this task.",IF(R5="Score it","Answer all nine questions.",IF(AND(R5="Human",Q5<>"Y"),"Confirm it stays Human, or redesign it so it is easier to check and score again.",IF(AND(R5="Agent",S5<>"Y"),"Write the agent job description before it goes live.",IF(T5="","Name an owner.",IF(U5="","Set a review date.","Ready.")))))))
A6: =IF(Taxonomy!A6="","",Taxonomy!A6) | B6: =IF(Taxonomy!E6="","",Taxonomy!E6) | C6: =IF(Taxonomy!J6="","",Taxonomy!J6) | D6: =IF(Taxonomy!S6="","",Taxonomy!S6) | E6: Biased or misleading language in a public posting | F6: N | G6: Y | H6: N | I6: N | J6: Y | K6: =IF(OR(B6="",D6="Cut"),"",IF(COUNTA(F6:J6)<5,"Answer all 5",IF(COUNTIF(F6:J6,"Y")>0,"High","Low"))) | L6: N | M6: N | N6: N | O6: N | P6: =IF(OR(B6="",D6="Cut"),"",IF(COUNTA(L6:O6)<4,"Answer all 4",IF(COUNTIF(L6:O6,"Y")>0,"Hard","Easy"))) | Q6: N | R6: =IF(B6="","",IF(D6="Cut","Cut",IF(Q6="Y","Human",IF(OR(K6="Answer all 5",P6="Answer all 4"),"Score it",IF(K6="High",IF(P6="Hard","Human","Assist"),IF(P6="Hard","Agent","Automate")))))) | T6: Recruiting manager | U6: 46402 | V6: =IF(B6="","",IF(R6="Cut","Stop doing this task.",IF(R6="Score it","Answer all nine questions.",IF(AND(R6="Human",Q6<>"Y"),"Confirm it stays Human, or redesign it so it is easier to check and score again.",IF(AND(R6="Agent",S6<>"Y"),"Write the agent job description before it goes live.",IF(T6="","Name an owner.",IF(U6="","Set a review date.","Ready.")))))))
A7: =IF(Taxonomy!A7="","",Taxonomy!A7) | B7: =IF(Taxonomy!E7="","",Taxonomy!E7) | C7: =IF(Taxonomy!J7="","",Taxonomy!J7) | D7: =IF(Taxonomy!S7="","",Taxonomy!S7) | E7: A strong candidate never makes the long list | F7: N | G7: N | H7: N | I7: N | J7: N | K7: =IF(OR(B7="",D7="Cut"),"",IF(COUNTA(F7:J7)<5,"Answer all 5",IF(COUNTIF(F7:J7,"Y")>0,"High","Low"))) | L7: N | M7: Y | N7: N | O7: N | P7: =IF(OR(B7="",D7="Cut"),"",IF(COUNTA(L7:O7)<4,"Answer all 4",IF(COUNTIF(L7:O7,"Y")>0,"Hard","Easy"))) | Q7: N | R7: =IF(B7="","",IF(D7="Cut","Cut",IF(Q7="Y","Human",IF(OR(K7="Answer all 5",P7="Answer all 4"),"Score it",IF(K7="High",IF(P7="Hard","Human","Assist"),IF(P7="Hard","Agent","Automate")))))) | T7: Recruiting manager | U7: 46402 | V7: =IF(B7="","",IF(R7="Cut","Stop doing this task.",IF(R7="Score it","Answer all nine questions.",IF(AND(R7="Human",Q7<>"Y"),"Confirm it stays Human, or redesign it so it is easier to check and score again.",IF(AND(R7="Agent",S7<>"Y"),"Write the agent job description before it goes live.",IF(T7="","Name an owner.",IF(U7="","Set a review date.","Ready.")))))))
A8: =IF(Taxonomy!A8="","",Taxonomy!A8) | B8: =IF(Taxonomy!E8="","",Taxonomy!E8) | C8: =IF(Taxonomy!J8="","",Taxonomy!J8) | D8: =IF(Taxonomy!S8="","",Taxonomy!S8) | E8: Qualified candidates screened out with no one seeing it | F8: N | G8: Y | H8: Y | I8: N | J8: Y | K8: =IF(OR(B8="",D8="Cut"),"",IF(COUNTA(F8:J8)<5,"Answer all 5",IF(COUNTIF(F8:J8,"Y")>0,"High","Low"))) | L8: N | M8: N | N8: N | O8: N | P8: =IF(OR(B8="",D8="Cut"),"",IF(COUNTA(L8:O8)<4,"Answer all 4",IF(COUNTIF(L8:O8,"Y")>0,"Hard","Easy"))) | Q8: N | R8: =IF(B8="","",IF(D8="Cut","Cut",IF(Q8="Y","Human",IF(OR(K8="Answer all 5",P8="Answer all 4"),"Score it",IF(K8="High",IF(P8="Hard","Human","Assist"),IF(P8="Hard","Agent","Automate")))))) | T8: Recruiting manager | U8: 46402 | V8: =IF(B8="","",IF(R8="Cut","Stop doing this task.",IF(R8="Score it","Answer all nine questions.",IF(AND(R8="Human",Q8<>"Y"),"Confirm it stays Human, or redesign it so it is easier to check and score again.",IF(AND(R8="Agent",S8<>"Y"),"Write the agent job description before it goes live.",IF(T8="","Name an owner.",IF(U8="","Set a review date.","Ready.")))))))
A9: =IF(Taxonomy!A9="","",Taxonomy!A9) | B9: =IF(Taxonomy!E9="","",Taxonomy!E9) | C9: =IF(Taxonomy!J9="","",Taxonomy!J9) | D9: =IF(Taxonomy!S9="","",Taxonomy!S9) | E9: A good candidate is rejected on a weak read | F9: N | G9: Y | H9: Y | I9: Y | J9: Y | K9: =IF(OR(B9="",D9="Cut"),"",IF(COUNTA(F9:J9)<5,"Answer all 5",IF(COUNTIF(F9:J9,"Y")>0,"High","Low"))) | L9: Y | M9: N | N9: N | O9: Y | P9: =IF(OR(B9="",D9="Cut"),"",IF(COUNTA(L9:O9)<4,"Answer all 4",IF(COUNTIF(L9:O9,"Y")>0,"Hard","Easy"))) | Q9: N | R9: =IF(B9="","",IF(D9="Cut","Cut",IF(Q9="Y","Human",IF(OR(K9="Answer all 5",P9="Answer all 4"),"Score it",IF(K9="High",IF(P9="Hard","Human","Assist"),IF(P9="Hard","Agent","Automate")))))) | T9: Recruiting manager | U9: 46402 | V9: =IF(B9="","",IF(R9="Cut","Stop doing this task.",IF(R9="Score it","Answer all nine questions.",IF(AND(R9="Human",Q9<>"Y"),"Confirm it stays Human, or redesign it so it is easier to check and score again.",IF(AND(R9="Agent",S9<>"Y"),"Write the agent job description before it goes live.",IF(T9="","Name an owner.",IF(U9="","Set a review date.","Ready.")))))))
A10: =IF(Taxonomy!A10="","",Taxonomy!A10) | B10: =IF(Taxonomy!E10="","",Taxonomy!E10) | C10: =IF(Taxonomy!J10="","",Taxonomy!J10) | D10: =IF(Taxonomy!S10="","",Taxonomy!S10) | E10: A candidate gets the wrong status, and the record you are required to keep is wrong | F10: N | G10: Y | H10: N | I10: N | J10: Y | K10: =IF(OR(B10="",D10="Cut"),"",IF(COUNTA(F10:J10)<5,"Answer all 5",IF(COUNTIF(F10:J10,"Y")>0,"High","Low"))) | L10: N | M10: N | N10: N | O10: N | P10: =IF(OR(B10="",D10="Cut"),"",IF(COUNTA(L10:O10)<4,"Answer all 4",IF(COUNTIF(L10:O10,"Y")>0,"Hard","Easy"))) | Q10: N | R10: =IF(B10="","",IF(D10="Cut","Cut",IF(Q10="Y","Human",IF(OR(K10="Answer all 5",P10="Answer all 4"),"Score it",IF(K10="High",IF(P10="Hard","Human","Assist"),IF(P10="Hard","Agent","Automate")))))) | T10: Recruiting manager | U10: 46402 | V10: =IF(B10="","",IF(R10="Cut","Stop doing this task.",IF(R10="Score it","Answer all nine questions.",IF(AND(R10="Human",Q10<>"Y"),"Confirm it stays Human, or redesign it so it is easier to check and score again.",IF(AND(R10="Agent",S10<>"Y"),"Write the agent job description before it goes live.",IF(T10="","Name an owner.",IF(U10="","Set a review date.","Ready.")))))))
A11: =IF(Taxonomy!A11="","",Taxonomy!A11) | B11: =IF(Taxonomy!E11="","",Taxonomy!E11) | C11: =IF(Taxonomy!J11="","",Taxonomy!J11) | D11: =IF(Taxonomy!S11="","",Taxonomy!S11) | E11: A double booking means a reschedule | F11: N | G11: N | H11: N | I11: N | J11: N | K11: =IF(OR(B11="",D11="Cut"),"",IF(COUNTA(F11:J11)<5,"Answer all 5",IF(COUNTIF(F11:J11,"Y")>0,"High","Low"))) | L11: N | M11: N | N11: Y | O11: N | P11: =IF(OR(B11="",D11="Cut"),"",IF(COUNTA(L11:O11)<4,"Answer all 4",IF(COUNTIF(L11:O11,"Y")>0,"Hard","Easy"))) | Q11: N | R11: =IF(B11="","",IF(D11="Cut","Cut",IF(Q11="Y","Human",IF(OR(K11="Answer all 5",P11="Answer all 4"),"Score it",IF(K11="High",IF(P11="Hard","Human","Assist"),IF(P11="Hard","Agent","Automate")))))) | T11: Recruiting manager | U11: 46402 | V11: =IF(B11="","",IF(R11="Cut","Stop doing this task.",IF(R11="Score it","Answer all nine questions.",IF(AND(R11="Human",Q11<>"Y"),"Confirm it stays Human, or redesign it so it is easier to check and score again.",IF(AND(R11="Agent",S11<>"Y"),"Write the agent job description before it goes live.",IF(T11="","Name an owner.",IF(U11="","Set a review date.","Ready.")))))))
A12: =IF(Taxonomy!A12="","",Taxonomy!A12) | B12: =IF(Taxonomy!E12="","",Taxonomy!E12) | C12: =IF(Taxonomy!J12="","",Taxonomy!J12) | D12: =IF(Taxonomy!S12="","",Taxonomy!S12) | E12: A missed reminder causes a no-show | F12: N | G12: N | H12: N | I12: N | J12: N | K12: =IF(OR(B12="",D12="Cut"),"",IF(COUNTA(F12:J12)<5,"Answer all 5",IF(COUNTIF(F12:J12,"Y")>0,"High","Low"))) | L12: N | M12: N | N12: N | O12: N | P12: =IF(OR(B12="",D12="Cut"),"",IF(COUNTA(L12:O12)<4,"Answer all 4",IF(COUNTIF(L12:O12,"Y")>0,"Hard","Easy"))) | Q12: N | R12: =IF(B12="","",IF(D12="Cut","Cut",IF(Q12="Y","Human",IF(OR(K12="Answer all 5",P12="Answer all 4"),"Score it",IF(K12="High",IF(P12="Hard","Human","Assist"),IF(P12="Hard","Agent","Automate")))))) | T12: Recruiting manager | U12: 46402 | V12: =IF(B12="","",IF(R12="Cut","Stop doing this task.",IF(R12="Score it","Answer all nine questions.",IF(AND(R12="Human",Q12<>"Y"),"Confirm it stays Human, or redesign it so it is easier to check and score again.",IF(AND(R12="Agent",S12<>"Y"),"Write the agent job description before it goes live.",IF(T12="","Name an owner.",IF(U12="","Set a review date.","Ready.")))))))
A13: =IF(Taxonomy!A13="","",Taxonomy!A13) | B13: =IF(Taxonomy!E13="","",Taxonomy!E13) | C13: =IF(Taxonomy!J13="","",Taxonomy!J13) | D13: =IF(Taxonomy!S13="","",Taxonomy!S13) | E13: A summary leaves out a concern a panelist raised | F13: N | G13: N | H13: Y | I13: N | J13: N | K13: =IF(OR(B13="",D13="Cut"),"",IF(COUNTA(F13:J13)<5,"Answer all 5",IF(COUNTIF(F13:J13,"Y")>0,"High","Low"))) | L13: N | M13: N | N13: N | O13: N | P13: =IF(OR(B13="",D13="Cut"),"",IF(COUNTA(L13:O13)<4,"Answer all 4",IF(COUNTIF(L13:O13,"Y")>0,"Hard","Easy"))) | Q13: N | R13: =IF(B13="","",IF(D13="Cut","Cut",IF(Q13="Y","Human",IF(OR(K13="Answer all 5",P13="Answer all 4"),"Score it",IF(K13="High",IF(P13="Hard","Human","Assist"),IF(P13="Hard","Agent","Automate")))))) | T13: Recruiting manager | U13: 46402 | V13: =IF(B13="","",IF(R13="Cut","Stop doing this task.",IF(R13="Score it","Answer all nine questions.",IF(AND(R13="Human",Q13<>"Y"),"Confirm it stays Human, or redesign it so it is easier to check and score again.",IF(AND(R13="Agent",S13<>"Y"),"Write the agent job description before it goes live.",IF(T13="","Name an owner.",IF(U13="","Set a review date.","Ready.")))))))
A14: =IF(Taxonomy!A14="","",Taxonomy!A14) | B14: =IF(Taxonomy!E14="","",Taxonomy!E14) | C14: =IF(Taxonomy!J14="","",Taxonomy!J14) | D14: =IF(Taxonomy!S14="","",Taxonomy!S14) | K14: =IF(OR(B14="",D14="Cut"),"",IF(COUNTA(F14:J14)<5,"Answer all 5",IF(COUNTIF(F14:J14,"Y")>0,"High","Low"))) | P14: =IF(OR(B14="",D14="Cut"),"",IF(COUNTA(L14:O14)<4,"Answer all 4",IF(COUNTIF(L14:O14,"Y")>0,"Hard","Easy"))) | R14: =IF(B14="","",IF(D14="Cut","Cut",IF(Q14="Y","Human",IF(OR(K14="Answer all 5",P14="Answer all 4"),"Score it",IF(K14="High",IF(P14="Hard","Human","Assist"),IF(P14="Hard","Agent","Automate")))))) | V14: =IF(B14="","",IF(R14="Cut","Stop doing this task.",IF(R14="Score it","Answer all nine questions.",IF(AND(R14="Human",Q14<>"Y"),"Confirm it stays Human, or redesign it so it is easier to check and score again.",IF(AND(R14="Agent",S14<>"Y"),"Write the agent job description before it goes live.",IF(T14="","Name an owner.",IF(U14="","Set a review date.","Ready.")))))))
A15: =IF(Taxonomy!A15="","",Taxonomy!A15) | B15: =IF(Taxonomy!E15="","",Taxonomy!E15) | C15: =IF(Taxonomy!J15="","",Taxonomy!J15) | D15: =IF(Taxonomy!S15="","",Taxonomy!S15) | E15: The wrong person is hired | F15: Y | G15: Y | H15: Y | I15: Y | J15: Y | K15: =IF(OR(B15="",D15="Cut"),"",IF(COUNTA(F15:J15)<5,"Answer all 5",IF(COUNTIF(F15:J15,"Y")>0,"High","Low"))) | L15: N | M15: Y | N15: N | O15: Y | P15: =IF(OR(B15="",D15="Cut"),"",IF(COUNTA(L15:O15)<4,"Answer all 4",IF(COUNTIF(L15:O15,"Y")>0,"Hard","Easy"))) | Q15: N | R15: =IF(B15="","",IF(D15="Cut","Cut",IF(Q15="Y","Human",IF(OR(K15="Answer all 5",P15="Answer all 4"),"Score it",IF(K15="High",IF(P15="Hard","Human","Assist"),IF(P15="Hard","Agent","Automate")))))) | T15: Hiring manager | U15: 46402 | V15: =IF(B15="","",IF(R15="Cut","Stop doing this task.",IF(R15="Score it","Answer all nine questions.",IF(AND(R15="Human",Q15<>"Y"),"Confirm it stays Human, or redesign it so it is easier to check and score again.",IF(AND(R15="Agent",S15<>"Y"),"Write the agent job description before it goes live.",IF(T15="","Name an owner.",IF(U15="","Set a review date.","Ready.")))))))
A16: =IF(Taxonomy!A16="","",Taxonomy!A16) | B16: =IF(Taxonomy!E16="","",Taxonomy!E16) | C16: =IF(Taxonomy!J16="","",Taxonomy!J16) | D16: =IF(Taxonomy!S16="","",Taxonomy!S16) | E16: A wrong salary or start date goes out | F16: Y | G16: Y | H16: N | I16: N | J16: Y | K16: =IF(OR(B16="",D16="Cut"),"",IF(COUNTA(F16:J16)<5,"Answer all 5",IF(COUNTIF(F16:J16,"Y")>0,"High","Low"))) | L16: N | M16: N | N16: N | O16: N | P16: =IF(OR(B16="",D16="Cut"),"",IF(COUNTA(L16:O16)<4,"Answer all 4",IF(COUNTIF(L16:O16,"Y")>0,"Hard","Easy"))) | Q16: N | R16: =IF(B16="","",IF(D16="Cut","Cut",IF(Q16="Y","Human",IF(OR(K16="Answer all 5",P16="Answer all 4"),"Score it",IF(K16="High",IF(P16="Hard","Human","Assist"),IF(P16="Hard","Agent","Automate")))))) | T16: Recruiting manager | U16: 46402 | V16: =IF(B16="","",IF(R16="Cut","Stop doing this task.",IF(R16="Score it","Answer all nine questions.",IF(AND(R16="Human",Q16<>"Y"),"Confirm it stays Human, or redesign it so it is easier to check and score again.",IF(AND(R16="Agent",S16<>"Y"),"Write the agent job description before it goes live.",IF(T16="","Name an owner.",IF(U16="","Set a review date.","Ready.")))))))
A17: =IF(Taxonomy!A17="","",Taxonomy!A17) | B17: =IF(Taxonomy!E17="","",Taxonomy!E17) | C17: =IF(Taxonomy!J17="","",Taxonomy!J17) | D17: =IF(Taxonomy!S17="","",Taxonomy!S17) | K17: =IF(OR(B17="",D17="Cut"),"",IF(COUNTA(F17:J17)<5,"Answer all 5",IF(COUNTIF(F17:J17,"Y")>0,"High","Low"))) | P17: =IF(OR(B17="",D17="Cut"),"",IF(COUNTA(L17:O17)<4,"Answer all 4",IF(COUNTIF(L17:O17,"Y")>0,"Hard","Easy"))) | R17: =IF(B17="","",IF(D17="Cut","Cut",IF(Q17="Y","Human",IF(OR(K17="Answer all 5",P17="Answer all 4"),"Score it",IF(K17="High",IF(P17="Hard","Human","Assist"),IF(P17="Hard","Agent","Automate")))))) | V17: =IF(B17="","",IF(R17="Cut","Stop doing this task.",IF(R17="Score it","Answer all nine questions.",IF(AND(R17="Human",Q17<>"Y"),"Confirm it stays Human, or redesign it so it is easier to check and score again.",IF(AND(R17="Agent",S17<>"Y"),"Write the agent job description before it goes live.",IF(T17="","Name an owner.",IF(U17="","Set a review date.","Ready.")))))))
A18: =IF(Taxonomy!A18="","",Taxonomy!A18) | B18: =IF(Taxonomy!E18="","",Taxonomy!E18) | C18: =IF(Taxonomy!J18="","",Taxonomy!J18) | D18: =IF(Taxonomy!S18="","",Taxonomy!S18) | K18: =IF(OR(B18="",D18="Cut"),"",IF(COUNTA(F18:J18)<5,"Answer all 5",IF(COUNTIF(F18:J18,"Y")>0,"High","Low"))) | P18: =IF(OR(B18="",D18="Cut"),"",IF(COUNTA(L18:O18)<4,"Answer all 4",IF(COUNTIF(L18:O18,"Y")>0,"Hard","Easy"))) | R18: =IF(B18="","",IF(D18="Cut","Cut",IF(Q18="Y","Human",IF(OR(K18="Answer all 5",P18="Answer all 4"),"Score it",IF(K18="High",IF(P18="Hard","Human","Assist"),IF(P18="Hard","Agent","Automate")))))) | V18: =IF(B18="","",IF(R18="Cut","Stop doing this task.",IF(R18="Score it","Answer all nine questions.",IF(AND(R18="Human",Q18<>"Y"),"Confirm it stays Human, or redesign it so it is easier to check and score again.",IF(AND(R18="Agent",S18<>"Y"),"Write the agent job description before it goes live.",IF(T18="","Name an owner.",IF(U18="","Set a review date.","Ready.")))))))
A19: =IF(Taxonomy!A19="","",Taxonomy!A19) | B19: =IF(Taxonomy!E19="","",Taxonomy!E19) | C19: =IF(Taxonomy!J19="","",Taxonomy!J19) | D19: =IF(Taxonomy!S19="","",Taxonomy!S19) | K19: =IF(OR(B19="",D19="Cut"),"",IF(COUNTA(F19:J19)<5,"Answer all 5",IF(COUNTIF(F19:J19,"Y")>0,"High","Low"))) | P19: =IF(OR(B19="",D19="Cut"),"",IF(COUNTA(L19:O19)<4,"Answer all 4",IF(COUNTIF(L19:O19,"Y")>0,"Hard","Easy"))) | R19: =IF(B19="","",IF(D19="Cut","Cut",IF(Q19="Y","Human",IF(OR(K19="Answer all 5",P19="Answer all 4"),"Score it",IF(K19="High",IF(P19="Hard","Human","Assist"),IF(P19="Hard","Agent","Automate")))))) | V19: =IF(B19="","",IF(R19="Cut","Stop doing this task.",IF(R19="Score it","Answer all nine questions.",IF(AND(R19="Human",Q19<>"Y"),"Confirm it stays Human, or redesign it so it is easier to check and score again.",IF(AND(R19="Agent",S19<>"Y"),"Write the agent job description before it goes live.",IF(T19="","Name an owner.",IF(U19="","Set a review date.","Ready.")))))))
A20: =IF(Taxonomy!A20="","",Taxonomy!A20) | B20: =IF(Taxonomy!E20="","",Taxonomy!E20) | C20: =IF(Taxonomy!J20="","",Taxonomy!J20) | D20: =IF(Taxonomy!S20="","",Taxonomy!S20) | K20: =IF(OR(B20="",D20="Cut"),"",IF(COUNTA(F20:J20)<5,"Answer all 5",IF(COUNTIF(F20:J20,"Y")>0,"High","Low"))) | P20: =IF(OR(B20="",D20="Cut"),"",IF(COUNTA(L20:O20)<4,"Answer all 4",IF(COUNTIF(L20:O20,"Y")>0,"Hard","Easy"))) | R20: =IF(B20="","",IF(D20="Cut","Cut",IF(Q20="Y","Human",IF(OR(K20="Answer all 5",P20="Answer all 4"),"Score it",IF(K20="High",IF(P20="Hard","Human","Assist"),IF(P20="Hard","Agent","Automate")))))) | V20: =IF(B20="","",IF(R20="Cut","Stop doing this task.",IF(R20="Score it","Answer all nine questions.",IF(AND(R20="Human",Q20<>"Y"),"Confirm it stays Human, or redesign it so it is easier to check and score again.",IF(AND(R20="Agent",S20<>"Y"),"Write the agent job description before it goes live.",IF(T20="","Name an owner.",IF(U20="","Set a review date.","Ready.")))))))
A21: =IF(Taxonomy!A21="","",Taxonomy!A21) | B21: =IF(Taxonomy!E21="","",Taxonomy!E21) | C21: =IF(Taxonomy!J21="","",Taxonomy!J21) | D21: =IF(Taxonomy!S21="","",Taxonomy!S21) | K21: =IF(OR(B21="",D21="Cut"),"",IF(COUNTA(F21:J21)<5,"Answer all 5",IF(COUNTIF(F21:J21,"Y")>0,"High","Low"))) | P21: =IF(OR(B21="",D21="Cut"),"",IF(COUNTA(L21:O21)<4,"Answer all 4",IF(COUNTIF(L21:O21,"Y")>0,"Hard","Easy"))) | R21: =IF(B21="","",IF(D21="Cut","Cut",IF(Q21="Y","Human",IF(OR(K21="Answer all 5",P21="Answer all 4"),"Score it",IF(K21="High",IF(P21="Hard","Human","Assist"),IF(P21="Hard","Agent","Automate")))))) | V21: =IF(B21="","",IF(R21="Cut","Stop doing this task.",IF(R21="Score it","Answer all nine questions.",IF(AND(R21="Human",Q21<>"Y"),"Confirm it stays Human, or redesign it so it is easier to check and score again.",IF(AND(R21="Agent",S21<>"Y"),"Write the agent job description before it goes live.",IF(T21="","Name an owner.",IF(U21="","Set a review date.","Ready.")))))))
A22: =IF(Taxonomy!A22="","",Taxonomy!A22) | B22: =IF(Taxonomy!E22="","",Taxonomy!E22) | C22: =IF(Taxonomy!J22="","",Taxonomy!J22) | D22: =IF(Taxonomy!S22="","",Taxonomy!S22) | K22: =IF(OR(B22="",D22="Cut"),"",IF(COUNTA(F22:J22)<5,"Answer all 5",IF(COUNTIF(F22:J22,"Y")>0,"High","Low"))) | P22: =IF(OR(B22="",D22="Cut"),"",IF(COUNTA(L22:O22)<4,"Answer all 4",IF(COUNTIF(L22:O22,"Y")>0,"Hard","Easy"))) | R22: =IF(B22="","",IF(D22="Cut","Cut",IF(Q22="Y","Human",IF(OR(K22="Answer all 5",P22="Answer all 4"),"Score it",IF(K22="High",IF(P22="Hard","Human","Assist"),IF(P22="Hard","Agent","Automate")))))) | V22: =IF(B22="","",IF(R22="Cut","Stop doing this task.",IF(R22="Score it","Answer all nine questions.",IF(AND(R22="Human",Q22<>"Y"),"Confirm it stays Human, or redesign it so it is easier to check and score again.",IF(AND(R22="Agent",S22<>"Y"),"Write the agent job description before it goes live.",IF(T22="","Name an owner.",IF(U22="","Set a review date.","Ready.")))))))
A23: =IF(Taxonomy!A23="","",Taxonomy!A23) | B23: =IF(Taxonomy!E23="","",Taxonomy!E23) | C23: =IF(Taxonomy!J23="","",Taxonomy!J23) | D23: =IF(Taxonomy!S23="","",Taxonomy!S23) | K23: =IF(OR(B23="",D23="Cut"),"",IF(COUNTA(F23:J23)<5,"Answer all 5",IF(COUNTIF(F23:J23,"Y")>0,"High","Low"))) | P23: =IF(OR(B23="",D23="Cut"),"",IF(COUNTA(L23:O23)<4,"Answer all 4",IF(COUNTIF(L23:O23,"Y")>0,"Hard","Easy"))) | R23: =IF(B23="","",IF(D23="Cut","Cut",IF(Q23="Y","Human",IF(OR(K23="Answer all 5",P23="Answer all 4"),"Score it",IF(K23="High",IF(P23="Hard","Human","Assist"),IF(P23="Hard","Agent","Automate")))))) | V23: =IF(B23="","",IF(R23="Cut","Stop doing this task.",IF(R23="Score it","Answer all nine questions.",IF(AND(R23="Human",Q23<>"Y"),"Confirm it stays Human, or redesign it so it is easier to check and score again.",IF(AND(R23="Agent",S23<>"Y"),"Write the agent job description before it goes live.",IF(T23="","Name an owner.",IF(U23="","Set a review date.","Ready.")))))))
A24: =IF(Taxonomy!A24="","",Taxonomy!A24) | B24: =IF(Taxonomy!E24="","",Taxonomy!E24) | C24: =IF(Taxonomy!J24="","",Taxonomy!J24) | D24: =IF(Taxonomy!S24="","",Taxonomy!S24) | K24: =IF(OR(B24="",D24="Cut"),"",IF(COUNTA(F24:J24)<5,"Answer all 5",IF(COUNTIF(F24:J24,"Y")>0,"High","Low"))) | P24: =IF(OR(B24="",D24="Cut"),"",IF(COUNTA(L24:O24)<4,"Answer all 4",IF(COUNTIF(L24:O24,"Y")>0,"Hard","Easy"))) | R24: =IF(B24="","",IF(D24="Cut","Cut",IF(Q24="Y","Human",IF(OR(K24="Answer all 5",P24="Answer all 4"),"Score it",IF(K24="High",IF(P24="Hard","Human","Assist"),IF(P24="Hard","Agent","Automate")))))) | V24: =IF(B24="","",IF(R24="Cut","Stop doing this task.",IF(R24="Score it","Answer all nine questions.",IF(AND(R24="Human",Q24<>"Y"),"Confirm it stays Human, or redesign it so it is easier to check and score again.",IF(AND(R24="Agent",S24<>"Y"),"Write the agent job description before it goes live.",IF(T24="","Name an owner.",IF(U24="","Set a review date.","Ready.")))))))
A25: =IF(Taxonomy!A25="","",Taxonomy!A25) | B25: =IF(Taxonomy!E25="","",Taxonomy!E25) | C25: =IF(Taxonomy!J25="","",Taxonomy!J25) | D25: =IF(Taxonomy!S25="","",Taxonomy!S25) | K25: =IF(OR(B25="",D25="Cut"),"",IF(COUNTA(F25:J25)<5,"Answer all 5",IF(COUNTIF(F25:J25,"Y")>0,"High","Low"))) | P25: =IF(OR(B25="",D25="Cut"),"",IF(COUNTA(L25:O25)<4,"Answer all 4",IF(COUNTIF(L25:O25,"Y")>0,"Hard","Easy"))) | R25: =IF(B25="","",IF(D25="Cut","Cut",IF(Q25="Y","Human",IF(OR(K25="Answer all 5",P25="Answer all 4"),"Score it",IF(K25="High",IF(P25="Hard","Human","Assist"),IF(P25="Hard","Agent","Automate")))))) | V25: =IF(B25="","",IF(R25="Cut","Stop doing this task.",IF(R25="Score it","Answer all nine questions.",IF(AND(R25="Human",Q25<>"Y"),"Confirm it stays Human, or redesign it so it is easier to check and score again.",IF(AND(R25="Agent",S25<>"Y"),"Write the agent job description before it goes live.",IF(T25="","Name an owner.",IF(U25="","Set a review date.","Ready.")))))))
A26: =IF(Taxonomy!A26="","",Taxonomy!A26) | B26: =IF(Taxonomy!E26="","",Taxonomy!E26) | C26: =IF(Taxonomy!J26="","",Taxonomy!J26) | D26: =IF(Taxonomy!S26="","",Taxonomy!S26) | K26: =IF(OR(B26="",D26="Cut"),"",IF(COUNTA(F26:J26)<5,"Answer all 5",IF(COUNTIF(F26:J26,"Y")>0,"High","Low"))) | P26: =IF(OR(B26="",D26="Cut"),"",IF(COUNTA(L26:O26)<4,"Answer all 4",IF(COUNTIF(L26:O26,"Y")>0,"Hard","Easy"))) | R26: =IF(B26="","",IF(D26="Cut","Cut",IF(Q26="Y","Human",IF(OR(K26="Answer all 5",P26="Answer all 4"),"Score it",IF(K26="High",IF(P26="Hard","Human","Assist"),IF(P26="Hard","Agent","Automate")))))) | V26: =IF(B26="","",IF(R26="Cut","Stop doing this task.",IF(R26="Score it","Answer all nine questions.",IF(AND(R26="Human",Q26<>"Y"),"Confirm it stays Human, or redesign it so it is easier to check and score again.",IF(AND(R26="Agent",S26<>"Y"),"Write the agent job description before it goes live.",IF(T26="","Name an owner.",IF(U26="","Set a review date.","Ready.")))))))
A27: =IF(Taxonomy!A27="","",Taxonomy!A27) | B27: =IF(Taxonomy!E27="","",Taxonomy!E27) | C27: =IF(Taxonomy!J27="","",Taxonomy!J27) | D27: =IF(Taxonomy!S27="","",Taxonomy!S27) | K27: =IF(OR(B27="",D27="Cut"),"",IF(COUNTA(F27:J27)<5,"Answer all 5",IF(COUNTIF(F27:J27,"Y")>0,"High","Low"))) | P27: =IF(OR(B27="",D27="Cut"),"",IF(COUNTA(L27:O27)<4,"Answer all 4",IF(COUNTIF(L27:O27,"Y")>0,"Hard","Easy"))) | R27: =IF(B27="","",IF(D27="Cut","Cut",IF(Q27="Y","Human",IF(OR(K27="Answer all 5",P27="Answer all 4"),"Score it",IF(K27="High",IF(P27="Hard","Human","Assist"),IF(P27="Hard","Agent","Automate")))))) | V27: =IF(B27="","",IF(R27="Cut","Stop doing this task.",IF(R27="Score it","Answer all nine questions.",IF(AND(R27="Human",Q27<>"Y"),"Confirm it stays Human, or redesign it so it is easier to check and score again.",IF(AND(R27="Agent",S27<>"Y"),"Write the agent job description before it goes live.",IF(T27="","Name an owner.",IF(U27="","Set a review date.","Ready.")))))))
A28: =IF(Taxonomy!A28="","",Taxonomy!A28) | B28: =IF(Taxonomy!E28="","",Taxonomy!E28) | C28: =IF(Taxonomy!J28="","",Taxonomy!J28) | D28: =IF(Taxonomy!S28="","",Taxonomy!S28) | K28: =IF(OR(B28="",D28="Cut"),"",IF(COUNTA(F28:J28)<5,"Answer all 5",IF(COUNTIF(F28:J28,"Y")>0,"High","Low"))) | P28: =IF(OR(B28="",D28="Cut"),"",IF(COUNTA(L28:O28)<4,"Answer all 4",IF(COUNTIF(L28:O28,"Y")>0,"Hard","Easy"))) | R28: =IF(B28="","",IF(D28="Cut","Cut",IF(Q28="Y","Human",IF(OR(K28="Answer all 5",P28="Answer all 4"),"Score it",IF(K28="High",IF(P28="Hard","Human","Assist"),IF(P28="Hard","Agent","Automate")))))) | V28: =IF(B28="","",IF(R28="Cut","Stop doing this task.",IF(R28="Score it","Answer all nine questions.",IF(AND(R28="Human",Q28<>"Y"),"Confirm it stays Human, or redesign it so it is easier to check and score again.",IF(AND(R28="Agent",S28<>"Y"),"Write the agent job description before it goes live.",IF(T28="","Name an owner.",IF(U28="","Set a review date.","Ready.")))))))
... A204: =IF(Taxonomy!A204="","",Taxonomy!A204) | B204: =IF(Taxonomy!E204="","",Taxonomy!E204) | C204: =IF(Taxonomy!J204="","",Taxonomy!J204) | D204: =IF(Taxonomy!S204="","",Taxonomy!S204) | K204: =IF(OR(B204="",D204="Cut"),"",IF(COUNTA(F204:J204)<5,"Answer all 5",IF(COUNTIF(F204:J204,"Y")>0,"High","Low"))) | P204: =IF(OR(B204="",D204="Cut"),"",IF(COUNTA(L204:O204)<4,"Answer all 4",IF(COUNTIF(L204:O204,"Y")>0,"Hard","Easy"))) | R204: =IF(B204="","",IF(D204="Cut","Cut",IF(Q204="Y","Human",IF(OR(K204="Answer all 5",P204="Answer all 4"),"Score it",IF(K204="High",IF(P204="Hard","Human","Assist"),IF(P204="Hard","Agent","Automate")))))) | V204: =IF(B204="","",IF(R204="Cut","Stop doing this task.",IF(R204="Score it","Answer all nine questions.",IF(AND(R204="Human",Q204<>"Y"),"Confirm it stays Human, or redesign it so it is easier to check and score again.",IF(AND(R204="Agent",S204<>"Y"),"Write the agent job description before it goes live.",IF(T204="","Name an owner.",IF(U204="","Set a review date.","Ready.")))))))

Sheet Summary
B1: Summary: Where the Hours Go
B2: HOW TO USE THIS TAB: Enter your hourly cost in the yellow cell and type your process names below. Everything else calculates from the Taxonomy and Work Assignment tabs.
B3: © 2026 Elizabeth A. Corey. All rights reserved. GROWTH Execution Model™. onthegrow.ai
B4: SETTINGS | C4: Value
B5: Used to calculate cost per month on every task.
B6: Average fully loaded cost per hour ($) | C6: 45 | D6: Example value. Replace with your own fully loaded hourly cost (pay, benefits, overhead).
B8: THE HEADLINE | C8: Value
B9: Tasks mapped | C9: =COUNTIF(Taxonomy!E5:E204,"?*")
B10: Hours per month | C10: =SUM(Taxonomy!J5:J204)
B11: Cost per month | C11: =SUM(Taxonomy!K5:K204)
B12: Hours per month in tasks marked Cut | C12: =SUMIF(Taxonomy!S5:S204,"Cut",Taxonomy!J5:J204)
B13: Share of hours that should stop | C13: =IF(C10=0,0,C12/C10)
B14: Hours per month in tasks marked Simplify | C14: =SUMIF(Taxonomy!S5:S204,"Simplify",Taxonomy!J5:J204)
B16: BY BOX | C16: Tasks | D16: Hours per month | E16: Share of hours
B17: Human | C17: =COUNTIF('Work Assignment'!$R$5:$R$204,B17) | D17: =SUMIF('Work Assignment'!$R$5:$R$204,B17,'Work Assignment'!$C$5:$C$204) | E17: =IF($C$10=0,0,D17/$C$10)
B18: Assist | C18: =COUNTIF('Work Assignment'!$R$5:$R$204,B18) | D18: =SUMIF('Work Assignment'!$R$5:$R$204,B18,'Work Assignment'!$C$5:$C$204) | E18: =IF($C$10=0,0,D18/$C$10)
B19: Automate | C19: =COUNTIF('Work Assignment'!$R$5:$R$204,B19) | D19: =SUMIF('Work Assignment'!$R$5:$R$204,B19,'Work Assignment'!$C$5:$C$204) | E19: =IF($C$10=0,0,D19/$C$10)
B20: Agent | C20: =COUNTIF('Work Assignment'!$R$5:$R$204,B20) | D20: =SUMIF('Work Assignment'!$R$5:$R$204,B20,'Work Assignment'!$C$5:$C$204) | E20: =IF($C$10=0,0,D20/$C$10)
B21: Cut | C21: =COUNTIF('Work Assignment'!$R$5:$R$204,B21) | D21: =SUMIF('Work Assignment'!$R$5:$R$204,B21,'Work Assignment'!$C$5:$C$204) | E21: =IF($C$10=0,0,D21/$C$10)
B22: Score it | C22: =COUNTIF('Work Assignment'!$R$5:$R$204,B22) | D22: =SUMIF('Work Assignment'!$R$5:$R$204,B22,'Work Assignment'!$C$5:$C$204) | E22: =IF($C$10=0,0,D22/$C$10)
B24: BY PROCESS (type process names) | C24: Hours per month | D24: Cost per month
B25: Recruiting | C25: =IF(B25="","",SUMIF(Taxonomy!$C$5:$C$204,B25,Taxonomy!$J$5:$J$204)) | D25: =IF(B25="","",SUMIF(Taxonomy!$C$5:$C$204,B25,Taxonomy!$K$5:$K$204))
C26: =IF(B26="","",SUMIF(Taxonomy!$C$5:$C$204,B26,Taxonomy!$J$5:$J$204)) | D26: =IF(B26="","",SUMIF(Taxonomy!$C$5:$C$204,B26,Taxonomy!$K$5:$K$204))
C27: =IF(B27="","",SUMIF(Taxonomy!$C$5:$C$204,B27,Taxonomy!$J$5:$J$204)) | D27: =IF(B27="","",SUMIF(Taxonomy!$C$5:$C$204,B27,Taxonomy!$K$5:$K$204))
C28: =IF(B28="","",SUMIF(Taxonomy!$C$5:$C$204,B28,Taxonomy!$J$5:$J$204)) | D28: =IF(B28="","",SUMIF(Taxonomy!$C$5:$C$204,B28,Taxonomy!$K$5:$K$204))
C29: =IF(B29="","",SUMIF(Taxonomy!$C$5:$C$204,B29,Taxonomy!$J$5:$J$204)) | D29: =IF(B29="","",SUMIF(Taxonomy!$C$5:$C$204,B29,Taxonomy!$K$5:$K$204))
C30: =IF(B30="","",SUMIF(Taxonomy!$C$5:$C$204,B30,Taxonomy!$J$5:$J$204)) | D30: =IF(B30="","",SUMIF(Taxonomy!$C$5:$C$204,B30,Taxonomy!$K$5:$K$204))
C31: =IF(B31="","",SUMIF(Taxonomy!$C$5:$C$204,B31,Taxonomy!$J$5:$J$204)) | D31: =IF(B31="","",SUMIF(Taxonomy!$C$5:$C$204,B31,Taxonomy!$K$5:$K$204))
C32: =IF(B32="","",SUMIF(Taxonomy!$C$5:$C$204,B32,Taxonomy!$J$5:$J$204)) | D32: =IF(B32="","",SUMIF(Taxonomy!$C$5:$C$204,B32,Taxonomy!$K$5:$K$204))
C33: =IF(B33="","",SUMIF(Taxonomy!$C$5:$C$204,B33,Taxonomy!$J$5:$J$204)) | D33: =IF(B33="","",SUMIF(Taxonomy!$C$5:$C$204,B33,Taxonomy!$K$5:$K$204))
C34: =IF(B34="","",SUMIF(Taxonomy!$C$5:$C$204,B34,Taxonomy!$J$5:$J$204)) | D34: =IF(B34="","",SUMIF(Taxonomy!$C$5:$C$204,B34,Taxonomy!$K$5:$K$204))
B36: Bring this page to your next leadership meeting: here is the work, here is what should stop, here is what moves, and here is where the capacity goes.
B39: © 2026 Elizabeth A. Corey. All rights reserved. GROWTH Execution Model™. onthegrow.ai
